DESCRIPCIÓN EXPERIMENTO,N,métrica,tipo_tiempo,tiempo,valor_métrica,delta_métrica,delta_tiempo,VD,VD_normalizado
StandardScaler + RUS/SMOTE,500,σ F1 MACRO,fit_time,0.001584,0.013375,,,,
StandardScaler + RUS/SMOTE,1000,σ F1 MACRO,fit_time,0.002281,0.009831,-0.0035440000000000003,0.0006970000000000001,-5.084648493543758,0.0
StandardScaler + RUS/SMOTE,2000,σ F1 MACRO,fit_time,0.00348,0.010341,0.00051,0.001199,0.4253544620517098,0.9843600396737746
StandardScaler + RUS/SMOTE,5000,σ F1 MACRO,fit_time,0.007356,0.012329,0.001988,0.0038759999999999997,0.5128998968008257,1.0
StandardScaler + RUS/SMOTE,10000,σ F1 MACRO,fit_time,0.012879,0.012,-0.00032899999999999943,0.005523,-0.05956907477820015,0.8977286248089434
StandardScaler + RUS/SMOTE,20000,σ F1 MACRO,fit_time,0.028388,0.008475,-0.0035250000000000004,0.015509,-0.22728738152040753,0.8677658098323885
StandardScaler + RUS/SMOTE,30000,σ F1 MACRO,fit_time,0.041255,0.00914,0.0006650000000000007,0.012867,0.0516825988964017,0.9176036961645575
StandardScaler + RUS/SMOTE,40000,σ F1 MACRO,fit_time,0.051114,0.01043,0.0012899999999999995,0.009859,0.1308449132772086,0.931746015062123
StandardScaler + RUS/SMOTE,500,σ F1 MACRO,score_time,0.781091,0.013375,,,,
StandardScaler + RUS/SMOTE,1000,σ F1 MACRO,score_time,1.351549,0.009831,-0.0035440000000000003,0.5704579999999999,-0.006212552019605301,0.0
StandardScaler + RUS/SMOTE,2000,σ F1 MACRO,score_time,2.461806,0.010341,0.00051,1.1102570000000003,0.0004593531047316071,0.9899378843188915
StandardScaler + RUS/SMOTE,5000,σ F1 MACRO,score_time,6.232893,0.012329,0.001988,3.7710869999999996,0.0005271689568551456,1.0
StandardScaler + RUS/SMOTE,10000,σ F1 MACRO,score_time,12.283841,0.012,-0.00032899999999999943,6.050948000000001,-5.4371645566942465e-05,0.9137144394473878
StandardScaler + RUS/SMOTE,20000,σ F1 MACRO,score_time,23.964566,0.008475,-0.0035250000000000004,11.680725,-0.000301779213190962,0.8770055655209851
StandardScaler + RUS/SMOTE,30000,σ F1 MACRO,score_time,36.645679,0.00914,0.0006650000000000007,12.681113,5.244019196106845e-05,0.9295625491690023
StandardScaler + RUS/SMOTE,40000,σ F1 MACRO,score_time,49.310738,0.01043,0.0012899999999999995,12.665059,0.00010185503281113808,0.9368944314565122
StandardScaler + RUS/SMOTE,500,σ F1 MACRO,total_time,0.782675,0.013375,,,,
StandardScaler + RUS/SMOTE,1000,σ F1 MACRO,total_time,1.3538299999999999,0.009831,-0.0035440000000000003,0.5711549999999999,-0.006204970629688966,0.0
StandardScaler + RUS/SMOTE,2000,σ F1 MACRO,total_time,2.4652860000000003,0.010341,0.00051,1.1114560000000004,0.0004588575706100825,0.9899325383816348
StandardScaler + RUS/SMOTE,5000,σ F1 MACRO,total_time,6.2402489999999995,0.012329,0.001988,3.774962999999999,0.0005266276782050581,1.0
StandardScaler + RUS/SMOTE,10000,σ F1 MACRO,total_time,12.29672,0.012,-0.00032899999999999943,6.056471000000001,-5.432206312884176e-05,0.9136980974261892
StandardScaler + RUS/SMOTE,20000,σ F1 MACRO,total_time,23.992954,0.008475,-0.0035250000000000004,11.696234,-0.00030137905927668686,0.8769970073064585
StandardScaler + RUS/SMOTE,30000,σ F1 MACRO,total_time,36.686934,0.00914,0.0006650000000000007,12.69398,5.238703700494255e-05,0.9295500682736845
StandardScaler + RUS/SMOTE,40000,σ F1 MACRO,total_time,49.361852,0.01043,0.0012899999999999995,12.674917999999998,0.00010177580636024626,0.936886924558972
StandardScaler + RUS/SMOTE,500,μ F1 MACRO,fit_time,0.001584,0.699738,,,,
StandardScaler + RUS/SMOTE,1000,μ F1 MACRO,fit_time,0.002281,0.728164,0.028426000000000062,0.0006970000000000001,40.78335724533724,1.0
StandardScaler + RUS/SMOTE,2000,μ F1 MACRO,fit_time,0.00348,0.760138,0.03197399999999995,0.001199,26.667222685571264,0.6468764657582481
StandardScaler + RUS/SMOTE,5000,μ F1 MACRO,fit_time,0.007356,0.7886,0.028461999999999987,0.0038759999999999997,7.343137254901958,0.16347293100329044
StandardScaler + RUS/SMOTE,10000,μ F1 MACRO,fit_time,0.012879,0.812787,0.02418700000000007,0.005523,4.379322831794327,0.08933134362373543
StandardScaler + RUS/SMOTE,20000,μ F1 MACRO,fit_time,0.028388,0.838118,0.025330999999999992,0.015509,1.6333096911470755,0.020638185366130525
StandardScaler + RUS/SMOTE,30000,μ F1 MACRO,fit_time,0.041255,0.850251,0.01213299999999995,0.012867,0.9429548457293813,0.0033685467223022437
StandardScaler + RUS/SMOTE,40000,μ F1 MACRO,fit_time,0.051114,0.85822,0.007969000000000004,0.009859,0.8082969875240901,0.0
StandardScaler + RUS/SMOTE,500,μ F1 MACRO,score_time,0.781091,0.699738,,,,
StandardScaler + RUS/SMOTE,1000,μ F1 MACRO,score_time,1.351549,0.728164,0.028426000000000062,0.5704579999999999,0.04983013648682299,1.0
StandardScaler + RUS/SMOTE,2000,μ F1 MACRO,score_time,2.461806,0.760138,0.03197399999999995,1.1102570000000003,0.02879873758958506,0.5725405797381002
StandardScaler + RUS/SMOTE,5000,μ F1 MACRO,score_time,6.232893,0.7886,0.028461999999999987,3.7710869999999996,0.007547425980890918,0.14061147295622106
StandardScaler + RUS/SMOTE,10000,μ F1 MACRO,score_time,12.283841,0.812787,0.02418700000000007,6.050948000000001,0.003997224897652412,0.06845427103782639
StandardScaler + RUS/SMOTE,20000,μ F1 MACRO,score_time,23.964566,0.838118,0.025330999999999992,11.680725,0.0021686153898837607,0.03128810991390604
StandardScaler + RUS/SMOTE,30000,μ F1 MACRO,score_time,36.645679,0.850251,0.01213299999999995,12.681113,0.000956777216637053,0.0066577158294065936
StandardScaler + RUS/SMOTE,40000,μ F1 MACRO,score_time,49.310738,0.85822,0.007969000000000004,12.665059,0.0006292114391255504,0.0
StandardScaler + RUS/SMOTE,500,μ F1 MACRO,total_time,0.782675,0.699738,,,,
StandardScaler + RUS/SMOTE,1000,μ F1 MACRO,total_time,1.3538299999999999,0.728164,0.028426000000000062,0.5711549999999999,0.04976932706533265,1.0
StandardScaler + RUS/SMOTE,2000,μ F1 MACRO,total_time,2.4652860000000003,0.760138,0.03197399999999995,1.1114560000000004,0.028767670515072064,0.5726211240326008
StandardScaler + RUS/SMOTE,5000,μ F1 MACRO,total_time,6.2402489999999995,0.7886,0.028461999999999987,3.774962999999999,0.007539676547823116,0.14063633373504603
StandardScaler + RUS/SMOTE,10000,μ F1 MACRO,total_time,12.29672,0.812787,0.02418700000000007,6.056471000000001,0.003993579759566266,0.06847408044755417
StandardScaler + RUS/SMOTE,20000,μ F1 MACRO,total_time,23.992954,0.838118,0.025330999999999992,11.696234,0.002165739844124185,0.03127795895873333
StandardScaler + RUS/SMOTE,30000,μ F1 MACRO,total_time,36.686934,0.850251,0.01213299999999995,12.69398,0.0009558073984676161,0.006656112230420153
StandardScaler + RUS/SMOTE,40000,μ F1 MACRO,total_time,49.361852,0.85822,0.007969000000000004,12.674917999999998,0.0006287220161897699,0.0
StandardScaler + RUS/SMOTE,500,μ ACCURACY,fit_time,0.001584,0.944011,,,,
StandardScaler + RUS/SMOTE,1000,μ ACCURACY,fit_time,0.002281,0.960612,0.016600999999999977,0.0006970000000000001,23.817790530846448,1.0
StandardScaler + RUS/SMOTE,2000,μ ACCURACY,fit_time,0.00348,0.968458,0.00784600000000002,0.001199,6.543786488740634,0.27239492446551294
StandardScaler + RUS/SMOTE,5000,μ ACCURACY,fit_time,0.007356,0.975706,0.007247999999999921,0.0038759999999999997,1.8699690402476579,0.07552723302837647
StandardScaler + RUS/SMOTE,10000,μ ACCURACY,fit_time,0.012879,0.979353,0.003647000000000067,0.005523,0.6603295310519766,0.02457553449267734
StandardScaler + RUS/SMOTE,20000,μ ACCURACY,fit_time,0.028388,0.982224,0.002870999999999957,0.015509,0.18511831839576742,0.00455897727544254
StandardScaler + RUS/SMOTE,30000,μ ACCURACY,fit_time,0.041255,0.983572,0.0013480000000000159,0.012867,0.10476412528172968,0.001174346902094266
StandardScaler + RUS/SMOTE,40000,μ ACCURACY,fit_time,0.051114,0.98433,0.0007580000000000364,0.009859,0.07688406532103018,0.0
StandardScaler + RUS/SMOTE,500,μ ACCURACY,score_time,0.781091,0.944011,,,,
StandardScaler + RUS/SMOTE,1000,μ ACCURACY,score_time,1.351549,0.960612,0.016600999999999977,0.5704579999999999,0.029101178351429866,1.0
StandardScaler + RUS/SMOTE,2000,μ ACCURACY,score_time,2.461806,0.968458,0.00784600000000002,1.1102570000000003,0.007066832273969016,0.24127623969861553
StandardScaler + RUS/SMOTE,5000,μ ACCURACY,score_time,6.232893,0.975706,0.007247999999999921,3.7710869999999996,0.0019219922531619987,0.06412043244147642
StandardScaler + RUS/SMOTE,10000,μ ACCURACY,score_time,12.283841,0.979353,0.003647000000000067,6.050948000000001,0.0006027154753271829,0.018692869751924926
StandardScaler + RUS/SMOTE,20000,μ ACCURACY,score_time,23.964566,0.982224,0.002870999999999957,11.680725,0.00024578953789255005,0.006402593995726575
StandardScaler + RUS/SMOTE,30000,μ ACCURACY,score_time,36.645679,0.983572,0.0013480000000000159,12.681113,0.00010629981768950532,0.001599448730430914
StandardScaler + RUS/SMOTE,40000,μ ACCURACY,score_time,49.310738,0.98433,0.0007580000000000364,12.665059,5.9849701450268525e-05,0.0
StandardScaler + RUS/SMOTE,500,μ ACCURACY,total_time,0.782675,0.944011,,,,
StandardScaler + RUS/SMOTE,1000,μ ACCURACY,total_time,1.3538299999999999,0.960612,0.016600999999999977,0.5711549999999999,0.029065665187208344,1.0
StandardScaler + RUS/SMOTE,2000,μ ACCURACY,total_time,2.4652860000000003,0.968458,0.00784600000000002,1.1114560000000004,0.007059208821581796,0.2413100380862103
StandardScaler + RUS/SMOTE,5000,μ ACCURACY,total_time,6.2402489999999995,0.975706,0.007247999999999921,3.774962999999999,0.0019200188187274744,0.06413240427036883
StandardScaler + RUS/SMOTE,10000,μ ACCURACY,total_time,12.29672,0.979353,0.003647000000000067,6.056471000000001,0.000602165848726109,0.018698382408492205
StandardScaler + RUS/SMOTE,20000,μ ACCURACY,total_time,23.992954,0.982224,0.002870999999999957,11.696234,0.00024546362530024254,0.006400791564732125
StandardScaler + RUS/SMOTE,30000,μ ACCURACY,total_time,36.686934,0.983572,0.0013480000000000159,12.69398,0.0001061920689964862,0.0015992946770816828
StandardScaler + RUS/SMOTE,40000,μ ACCURACY,total_time,49.361852,0.98433,0.0007580000000000364,12.674917999999998,5.98031482333879e-05,0.0
StandardScaler + RUS/SMOTE/ENN,500,σ F1 MACRO,fit_time,0.002386,0.02052,,,,
StandardScaler + RUS/SMOTE/ENN,1000,σ F1 MACRO,fit_time,0.005321,0.007929,-0.012591,0.002935,-4.289948892674617,0.0
StandardScaler + RUS/SMOTE/ENN,2000,σ F1 MACRO,fit_time,0.008771,0.009961,0.002031999999999999,0.003449999999999999,0.5889855072463767,1.0
StandardScaler + RUS/SMOTE/ENN,5000,σ F1 MACRO,fit_time,0.015075,0.012897,0.002936000000000001,0.006304000000000001,0.4657360406091372,0.9747384456246767
StandardScaler + RUS/SMOTE/ENN,10000,σ F1 MACRO,fit_time,0.016215,0.012466,-0.0004310000000000008,0.0011400000000000004,-0.3780701754385971,0.8017895705462583
StandardScaler + RUS/SMOTE/ENN,20000,σ F1 MACRO,fit_time,0.060536,0.010045,-0.0024209999999999995,0.044321,-0.054624218767627075,0.8680839557866518
StandardScaler + RUS/SMOTE/ENN,30000,σ F1 MACRO,fit_time,0.051701,0.009349,-0.0006960000000000004,-0.008835000000000003,,
StandardScaler + RUS/SMOTE/ENN,40000,σ F1 MACRO,fit_time,0.072077,0.01011,0.0007609999999999995,0.020376000000000005,0.037347860227718854,0.8869348095707967
StandardScaler + RUS/SMOTE/ENN,500,σ F1 MACRO,score_time,1.096401,0.02052,,,,
StandardScaler + RUS/SMOTE/ENN,1000,σ F1 MACRO,score_time,1.947903,0.007929,-0.012591,0.851502,-0.014786812009836735,0.0
StandardScaler + RUS/SMOTE/ENN,2000,σ F1 MACRO,score_time,3.868994,0.009961,0.002031999999999999,1.9210909999999999,0.0010577322989905212,1.0
StandardScaler + RUS/SMOTE/ENN,5000,σ F1 MACRO,score_time,9.409265,0.012897,0.002936000000000001,5.540271,0.000529937975958216,0.9666892077963857
StandardScaler + RUS/SMOTE/ENN,10000,σ F1 MACRO,score_time,18.153265,0.012466,-0.0004310000000000008,8.744000000000002,-4.929094236047584e-05,0.9301322133490291
StandardScaler + RUS/SMOTE/ENN,20000,σ F1 MACRO,score_time,37.732745,0.010045,-0.0024209999999999995,19.57948,-0.00012364986199837788,0.9254391834840758
StandardScaler + RUS/SMOTE/ENN,30000,σ F1 MACRO,score_time,39.753758,0.009349,-0.0006960000000000004,2.0210129999999964,-0.00034438175311094074,0.9115080860154291
StandardScaler + RUS/SMOTE/ENN,40000,σ F1 MACRO,score_time,44.253138,0.01011,0.0007609999999999995,4.499380000000002,0.0001691344140748279,0.9439177380178336
StandardScaler + RUS/SMOTE/ENN,500,σ F1 MACRO,total_time,1.098787,0.02052,,,,
StandardScaler + RUS/SMOTE/ENN,1000,σ F1 MACRO,total_time,1.9532239999999998,0.007929,-0.012591,0.8544369999999999,-0.014736019156473797,0.0
StandardScaler + RUS/SMOTE/ENN,2000,σ F1 MACRO,total_time,3.8777649999999997,0.009961,0.002031999999999999,1.9245409999999998,0.0010558361708064414,1.0
StandardScaler + RUS/SMOTE/ENN,5000,σ F1 MACRO,total_time,9.424339999999999,0.012897,0.002936000000000001,5.546574999999999,0.0005293356711123534,0.9666599972718491
StandardScaler + RUS/SMOTE/ENN,10000,σ F1 MACRO,total_time,18.16948,0.012466,-0.0004310000000000008,8.745140000000001,-4.9284516885950455e-05,0.9300195787772125
StandardScaler + RUS/SMOTE/ENN,20000,σ F1 MACRO,total_time,37.793281,0.010045,-0.0024209999999999995,19.623801,-0.00012337059471811805,0.925328168154663
StandardScaler + RUS/SMOTE/ENN,30000,σ F1 MACRO,total_time,39.805459,0.009349,-0.0006960000000000004,2.0121779999999987,-0.00034589385233314395,0.9112371539575775
StandardScaler + RUS/SMOTE/ENN,40000,σ F1 MACRO,total_time,44.325215,0.01011,0.0007609999999999995,4.519756000000001,0.0001683719209621049,0.9438024075416109
StandardScaler + RUS/SMOTE/ENN,500,μ F1 MACRO,fit_time,0.002386,0.69273,,,,
StandardScaler + RUS/SMOTE/ENN,1000,μ F1 MACRO,fit_time,0.005321,0.723491,0.03076100000000004,0.002935,10.480749574105635,0.4995250487956612
StandardScaler + RUS/SMOTE/ENN,2000,μ F1 MACRO,fit_time,0.008771,0.758198,0.03470700000000004,0.003449999999999999,10.060000000000015,0.47859964690698137
StandardScaler + RUS/SMOTE/ENN,5000,μ F1 MACRO,fit_time,0.015075,0.782381,0.024182999999999955,0.006304000000000001,3.8361357868020227,0.16906431288179105
StandardScaler + RUS/SMOTE/ENN,10000,μ F1 MACRO,fit_time,0.016215,0.805801,0.023419999999999996,0.0011400000000000004,20.543859649122798,1.0
StandardScaler + RUS/SMOTE/ENN,20000,μ F1 MACRO,fit_time,0.060536,0.8275,0.021699000000000024,0.044321,0.48958732880575856,0.0026283240341008303
StandardScaler + RUS/SMOTE/ENN,30000,μ F1 MACRO,fit_time,0.051701,0.846925,0.019425000000000026,-0.008835000000000003,,
StandardScaler + RUS/SMOTE/ENN,40000,μ F1 MACRO,fit_time,0.072077,0.855824,0.00889899999999999,0.020376000000000005,0.4367393011385938,0.0
StandardScaler + RUS/SMOTE/ENN,500,μ F1 MACRO,score_time,1.096401,0.69273,,,,
StandardScaler + RUS/SMOTE/ENN,1000,μ F1 MACRO,score_time,1.947903,0.723491,0.03076100000000004,0.851502,0.036125575747326534,1.0
StandardScaler + RUS/SMOTE/ENN,2000,μ F1 MACRO,score_time,3.868994,0.758198,0.03470700000000004,1.9210909999999999,0.018066296703279566,0.48427586212788737
StandardScaler + RUS/SMOTE/ENN,5000,μ F1 MACRO,score_time,9.409265,0.782381,0.024182999999999955,5.540271,0.004364948934808416,0.09300244814794005
StandardScaler + RUS/SMOTE/ENN,10000,μ F1 MACRO,score_time,18.153265,0.805801,0.023419999999999996,8.744000000000002,0.0026784080512351318,0.04483940459312998
StandardScaler + RUS/SMOTE/ENN,20000,μ F1 MACRO,score_time,37.732745,0.8275,0.021699000000000024,19.57948,0.0011082521088404812,0.0
StandardScaler + RUS/SMOTE/ENN,30000,μ F1 MACRO,score_time,39.753758,0.846925,0.019425000000000026,2.0210129999999964,0.009611516600833375,0.24283022254297348
StandardScaler + RUS/SMOTE/ENN,40000,μ F1 MACRO,score_time,44.253138,0.855824,0.00889899999999999,4.499380000000002,0.0019778280563099776,0.024832735832323358
StandardScaler + RUS/SMOTE/ENN,500,μ F1 MACRO,total_time,1.098787,0.69273,,,,
StandardScaler + RUS/SMOTE/ENN,1000,μ F1 MACRO,total_time,1.9532239999999998,0.723491,0.03076100000000004,0.8544369999999999,0.03600148401813129,1.0
StandardScaler + RUS/SMOTE/ENN,2000,μ F1 MACRO,total_time,3.8777649999999997,0.758198,0.03470700000000004,1.9245409999999998,0.018033910423316545,0.4851068868660966
StandardScaler + RUS/SMOTE/ENN,5000,μ F1 MACRO,total_time,9.424339999999999,0.782381,0.024182999999999955,5.546574999999999,0.004359987920473438,0.09325606243020987
StandardScaler + RUS/SMOTE/ENN,10000,μ F1 MACRO,total_time,18.16948,0.805801,0.023419999999999996,8.745140000000001,0.002678058898999901,0.045057363514809746
StandardScaler + RUS/SMOTE/ENN,20000,μ F1 MACRO,total_time,37.793281,0.8275,0.021699000000000024,19.623801,0.0011057490850014237,0.0
StandardScaler + RUS/SMOTE/ENN,30000,μ F1 MACRO,total_time,39.805459,0.846925,0.019425000000000026,2.0121779999999987,0.009653718508004778,0.24495742644147458
StandardScaler + RUS/SMOTE/ENN,40000,μ F1 MACRO,total_time,44.325215,0.855824,0.00889899999999999,4.519756000000001,0.001968911596112708,0.024735473053235556
StandardScaler + RUS/SMOTE/ENN,500,μ ACCURACY,fit_time,0.002386,0.941479,,,,
StandardScaler + RUS/SMOTE/ENN,1000,μ ACCURACY,fit_time,0.005321,0.958357,0.01687800000000006,0.002935,5.750596252129492,1.0
StandardScaler + RUS/SMOTE/ENN,2000,μ ACCURACY,fit_time,0.008771,0.966792,0.00843499999999997,0.003449999999999999,2.444927536231876,0.4206414992646102
StandardScaler + RUS/SMOTE/ENN,5000,μ ACCURACY,fit_time,0.015075,0.973994,0.007202000000000042,0.006304000000000001,1.1424492385786866,0.1923663940976271
StandardScaler + RUS/SMOTE/ENN,10000,μ ACCURACY,fit_time,0.016215,0.977618,0.0036239999999999606,0.0011400000000000004,3.1789473684210168,0.5492873697482374
StandardScaler + RUS/SMOTE/ENN,20000,μ ACCURACY,fit_time,0.060536,0.980534,0.0029160000000000297,0.044321,0.06579273933349947,0.003669295622552797
StandardScaler + RUS/SMOTE/ENN,30000,μ ACCURACY,fit_time,0.051701,0.982114,0.0015800000000000258,-0.008835000000000003,,
StandardScaler + RUS/SMOTE/ENN,40000,μ ACCURACY,fit_time,0.072077,0.983028,0.0009139999999999704,0.020376000000000005,0.04485669414997891,0.0
StandardScaler + RUS/SMOTE/ENN,500,μ ACCURACY,score_time,1.096401,0.941479,,,,
StandardScaler + RUS/SMOTE/ENN,1000,μ ACCURACY,score_time,1.947903,0.958357,0.01687800000000006,0.851502,0.019821444929078336,1.0
StandardScaler + RUS/SMOTE/ENN,2000,μ ACCURACY,score_time,3.868994,0.966792,0.00843499999999997,1.9210909999999999,0.004390734223417824,0.21562078439117877
StandardScaler + RUS/SMOTE/ENN,5000,μ ACCURACY,score_time,9.409265,0.973994,0.007202000000000042,5.540271,0.0012999364110528244,0.058508282581461
StandardScaler + RUS/SMOTE/ENN,10000,μ ACCURACY,score_time,18.153265,0.977618,0.0036239999999999606,8.744000000000002,0.00041445562671545746,0.013497217549929955
StandardScaler + RUS/SMOTE/ENN,20000,μ ACCURACY,score_time,37.732745,0.980534,0.0029160000000000297,19.57948,0.00014893143229544552,0.0
StandardScaler + RUS/SMOTE/ENN,30000,μ ACCURACY,score_time,39.753758,0.982114,0.0015800000000000258,2.0210129999999964,0.0007817861636714008,0.03216949026261682
StandardScaler + RUS/SMOTE/ENN,40000,μ ACCURACY,score_time,44.253138,0.983028,0.0009139999999999704,4.499380000000002,0.00020313909916476713,0.002755502842999008
StandardScaler + RUS/SMOTE/ENN,500,μ ACCURACY,total_time,1.098787,0.941479,,,,
StandardScaler + RUS/SMOTE/ENN,1000,μ ACCURACY,total_time,1.9532239999999998,0.958357,0.01687800000000006,0.8544369999999999,0.019753358059166518,1.0
StandardScaler + RUS/SMOTE/ENN,2000,μ ACCURACY,total_time,3.8777649999999997,0.966792,0.00843499999999997,1.9245409999999998,0.004382863238559205,0.21598160478785278
StandardScaler + RUS/SMOTE/ENN,5000,μ ACCURACY,total_time,9.424339999999999,0.973994,0.007202000000000042,5.546574999999999,0.001298458958907081,0.058652272079825506
StandardScaler + RUS/SMOTE/ENN,10000,μ ACCURACY,total_time,18.16948,0.977618,0.0036239999999999606,8.745140000000001,0.0004144015990595874,0.013558263029846614
StandardScaler + RUS/SMOTE/ENN,20000,μ ACCURACY,total_time,37.793281,0.980534,0.0029160000000000297,19.623801,0.00014859506575714,0.0
StandardScaler + RUS/SMOTE/ENN,30000,μ ACCURACY,total_time,39.805459,0.982114,0.0015800000000000258,2.0121779999999987,0.0007852188027103104,0.0324729116678017
StandardScaler + RUS/SMOTE/ENN,40000,μ ACCURACY,total_time,44.325215,0.983028,0.0009139999999999704,4.519756000000001,0.00020222330585986726,0.0027354699529270367
StandardScaler + NearMiss/SMOTE,500,σ F1 MACRO,fit_time,0.002694,0.006607,,,,
StandardScaler + NearMiss/SMOTE,1000,σ F1 MACRO,fit_time,0.002912,0.007321,0.0007140000000000002,0.00021799999999999988,3.275229357798168,1.0
StandardScaler + NearMiss/SMOTE,2000,σ F1 MACRO,fit_time,0.004005,0.005947,-0.0013740000000000002,0.0010929999999999998,-1.257090576395243,0.0
StandardScaler + NearMiss/SMOTE,5000,σ F1 MACRO,fit_time,0.00942,0.005618,-0.0003290000000000003,0.005415,-0.060757156048014835,0.26395608379754243
StandardScaler + NearMiss/SMOTE,10000,σ F1 MACRO,fit_time,0.020153,0.005047,-0.0005709999999999995,0.010733000000000001,-0.053200409950619525,0.26562338579897105
StandardScaler + NearMiss/SMOTE,20000,σ F1 MACRO,fit_time,0.038201,0.004749,-0.0002980000000000005,0.018047999999999998,-0.016511524822695064,0.27371833180027394
StandardScaler + NearMiss/SMOTE,30000,σ F1 MACRO,fit_time,0.056657,0.005969,0.0012200000000000006,0.018456,0.06610316428261816,0.29194623501646993
StandardScaler + NearMiss/SMOTE,40000,σ F1 MACRO,fit_time,0.07648,0.007227,0.0012579999999999996,0.019823000000000007,0.06346163547394436,0.2913634145521101
StandardScaler + NearMiss/SMOTE,500,σ F1 MACRO,score_time,1.548374,0.006607,,,,
StandardScaler + NearMiss/SMOTE,1000,σ F1 MACRO,score_time,2.157432,0.007321,0.0007140000000000002,0.6090580000000001,0.0011723021452800884,1.0
StandardScaler + NearMiss/SMOTE,2000,σ F1 MACRO,score_time,4.135995,0.005947,-0.0013740000000000002,1.9785630000000003,-0.0006944433914917038,0.0
StandardScaler + NearMiss/SMOTE,5000,σ F1 MACRO,score_time,9.859176,0.005618,-0.0003290000000000003,5.723180999999999,-5.748551373790211e-05,0.3412130176324451
StandardScaler + NearMiss/SMOTE,10000,σ F1 MACRO,score_time,18.112573,0.005047,-0.0005709999999999995,8.253397000000001,-6.918363432656873e-05,0.3349464320918703
StandardScaler + NearMiss/SMOTE,20000,σ F1 MACRO,score_time,35.190989,0.004749,-0.0002980000000000005,17.078416,-1.7448925005691424e-05,0.3626602839810482
StandardScaler + NearMiss/SMOTE,30000,σ F1 MACRO,score_time,50.876314,0.005969,0.0012200000000000006,15.685324999999999,7.777970810295616e-05,0.4136734677454132
StandardScaler + NearMiss/SMOTE,40000,σ F1 MACRO,score_time,65.998181,0.007227,0.0012579999999999996,15.121867000000002,8.319078589965111e-05,0.4165721369481008
StandardScaler + NearMiss/SMOTE,500,σ F1 MACRO,total_time,1.551068,0.006607,,,,
StandardScaler + NearMiss/SMOTE,1000,σ F1 MACRO,total_time,2.160344,0.007321,0.0007140000000000002,0.6092759999999999,0.0011718826935576,1.0
StandardScaler + NearMiss/SMOTE,2000,σ F1 MACRO,total_time,4.140000000000001,0.005947,-0.0013740000000000002,1.9796560000000007,-0.0006940599780972046,0.0
StandardScaler + NearMiss/SMOTE,5000,σ F1 MACRO,total_time,9.868596,0.005618,-0.0003290000000000003,5.728596,-5.743117510817665e-05,0.34118347399410504
StandardScaler + NearMiss/SMOTE,10000,σ F1 MACRO,total_time,18.132726,0.005047,-0.0005709999999999995,8.264130000000002,-6.909378240661744e-05,0.3349332244684335
StandardScaler + NearMiss/SMOTE,20000,σ F1 MACRO,total_time,35.22919,0.004749,-0.0002980000000000005,17.096464,-1.7430504927802644e-05,0.3626207189791826
StandardScaler + NearMiss/SMOTE,30000,σ F1 MACRO,total_time,50.932971,0.005969,0.0012200000000000006,15.703781,7.76882968502936e-05,0.413596991306853
StandardScaler + NearMiss/SMOTE,40000,σ F1 MACRO,total_time,66.074661,0.007227,0.0012579999999999996,15.141690000000004,8.308187527283937e-05,0.4164875294270636
StandardScaler + NearMiss/SMOTE,500,μ F1 MACRO,fit_time,0.002694,0.287998,,,,
StandardScaler + NearMiss/SMOTE,1000,μ F1 MACRO,fit_time,0.002912,0.303214,0.015216000000000007,0.00021799999999999988,69.79816513761475,1.0
StandardScaler + NearMiss/SMOTE,2000,μ F1 MACRO,fit_time,0.004005,0.334962,0.031748,0.0010929999999999998,29.046660567246114,0.4112450985665139
StandardScaler + NearMiss/SMOTE,5000,μ F1 MACRO,fit_time,0.00942,0.387591,0.05262900000000004,0.005415,9.71911357340721,0.13201153049887585
StandardScaler + NearMiss/SMOTE,10000,μ F1 MACRO,fit_time,0.020153,0.422057,0.034466,0.010733000000000001,3.2112177396813557,0.037989098431160905
StandardScaler + NearMiss/SMOTE,20000,μ F1 MACRO,fit_time,0.038201,0.530665,0.10860800000000004,0.018047999999999998,6.017730496453903,0.07853602200872381
StandardScaler + NearMiss/SMOTE,30000,μ F1 MACRO,fit_time,0.056657,0.60938,0.07871499999999998,0.018456,4.265008669267446,0.053213679251450055
StandardScaler + NearMiss/SMOTE,40000,μ F1 MACRO,fit_time,0.07648,0.620912,0.011531999999999987,0.019823000000000007,0.5817484739948536,0.0
StandardScaler + NearMiss/SMOTE,500,μ F1 MACRO,score_time,1.548374,0.287998,,,,
StandardScaler + NearMiss/SMOTE,1000,μ F1 MACRO,score_time,2.157432,0.303214,0.015216000000000007,0.6090580000000001,0.024982842356557185,1.0
StandardScaler + NearMiss/SMOTE,2000,μ F1 MACRO,score_time,4.135995,0.334962,0.031748,1.9785630000000003,0.01604598893237162,0.6310171112340155
StandardScaler + NearMiss/SMOTE,5000,μ F1 MACRO,score_time,9.859176,0.387591,0.05262900000000004,5.723180999999999,0.00919576019000623,0.3481863351103591
StandardScaler + NearMiss/SMOTE,10000,μ F1 MACRO,score_time,18.112573,0.422057,0.034466,8.253397000000001,0.0041759774793336596,0.14093062242865467
StandardScaler + NearMiss/SMOTE,20000,μ F1 MACRO,score_time,35.190989,0.530665,0.10860800000000004,17.078416,0.006359371969859502,0.23107814619240932
StandardScaler + NearMiss/SMOTE,30000,μ F1 MACRO,score_time,50.876314,0.60938,0.07871499999999998,15.685324999999999,0.005018385019118187,0.17571176438033306
StandardScaler + NearMiss/SMOTE,40000,μ F1 MACRO,score_time,65.998181,0.620912,0.011531999999999987,15.121867000000002,0.0007626042472136533,0.0
StandardScaler + NearMiss/SMOTE,500,μ F1 MACRO,total_time,1.551068,0.287998,,,,
StandardScaler + NearMiss/SMOTE,1000,μ F1 MACRO,total_time,2.160344,0.303214,0.015216000000000007,0.6092759999999999,0.024973903452622473,1.0
StandardScaler + NearMiss/SMOTE,2000,μ F1 MACRO,total_time,4.140000000000001,0.334962,0.031748,1.9796560000000007,0.01603712968313686,0.6308993915452387
StandardScaler + NearMiss/SMOTE,5000,μ F1 MACRO,total_time,9.868596,0.387591,0.05262900000000004,5.728596,0.009187067826043248,0.3479827524288909
StandardScaler + NearMiss/SMOTE,10000,μ F1 MACRO,total_time,18.132726,0.422057,0.034466,8.264130000000002,0.004170553948207493,0.14079407647144787
StandardScaler + NearMiss/SMOTE,20000,μ F1 MACRO,total_time,35.22919,0.530665,0.10860800000000004,17.096464,0.006352658655029486,0.2309178947278828
StandardScaler + NearMiss/SMOTE,30000,μ F1 MACRO,total_time,50.932971,0.60938,0.07871499999999998,15.703781,0.005012487120140047,0.1755670330276078
StandardScaler + NearMiss/SMOTE,40000,μ F1 MACRO,total_time,66.074661,0.620912,0.011531999999999987,15.141690000000004,0.0007616058709430706,0.0
StandardScaler + NearMiss/SMOTE,500,μ ACCURACY,fit_time,0.002694,0.269046,,,,
StandardScaler + NearMiss/SMOTE,1000,μ ACCURACY,fit_time,0.002912,0.279945,0.010898999999999992,0.00021799999999999988,49.995412844036686,1.0
StandardScaler + NearMiss/SMOTE,2000,μ ACCURACY,fit_time,0.004005,0.309777,0.029832000000000025,0.0010929999999999998,27.293687099725556,0.5371878932890457
StandardScaler + NearMiss/SMOTE,5000,μ ACCURACY,fit_time,0.00942,0.37076,0.060982999999999954,0.005415,11.261865189289004,0.21035277263116797
StandardScaler + NearMiss/SMOTE,10000,μ ACCURACY,fit_time,0.020153,0.416203,0.04544300000000001,0.010733000000000001,4.233951364949222,0.06707716268592798
StandardScaler + NearMiss/SMOTE,20000,μ ACCURACY,fit_time,0.038201,0.482512,0.066309,0.018047999999999998,3.67403590425532,0.055662362909804475
StandardScaler + NearMiss/SMOTE,30000,μ ACCURACY,fit_time,0.056657,0.569806,0.08729400000000004,0.018456,4.7298439531859575,0.07718675065510266
StandardScaler + NearMiss/SMOTE,40000,μ ACCURACY,fit_time,0.07648,0.588513,0.018706999999999918,0.019823000000000007,0.9437017605811386,0.0
StandardScaler + NearMiss/SMOTE,500,μ ACCURACY,score_time,1.548374,0.269046,,,,
StandardScaler + NearMiss/SMOTE,1000,μ ACCURACY,score_time,2.157432,0.279945,0.010898999999999992,0.6090580000000001,0.01789484745295192,1.0
StandardScaler + NearMiss/SMOTE,2000,μ ACCURACY,score_time,4.135995,0.309777,0.029832000000000025,1.9785630000000003,0.015077609355881021,0.8308753822490094
StandardScaler + NearMiss/SMOTE,5000,μ ACCURACY,score_time,9.859176,0.37076,0.060982999999999954,5.723180999999999,0.010655437946135193,0.565403305153283
StandardScaler + NearMiss/SMOTE,10000,μ ACCURACY,score_time,18.112573,0.416203,0.04544300000000001,8.253397000000001,0.005505975297201868,0.2562704338388796
StandardScaler + NearMiss/SMOTE,20000,μ ACCURACY,score_time,35.190989,0.482512,0.066309,17.078416,0.0038826200275248013,0.1588170663923577
StandardScaler + NearMiss/SMOTE,30000,μ ACCURACY,score_time,50.876314,0.569806,0.08729400000000004,15.685324999999999,0.0055653293763438146,0.2598335817166826
StandardScaler + NearMiss/SMOTE,40000,μ ACCURACY,score_time,65.998181,0.588513,0.018706999999999918,15.121867000000002,0.0012370826962041074,0.0
StandardScaler + NearMiss/SMOTE,500,μ ACCURACY,total_time,1.551068,0.269046,,,,
StandardScaler + NearMiss/SMOTE,1000,μ ACCURACY,total_time,2.160344,0.279945,0.010898999999999992,0.6092759999999999,0.017888444645776286,1.0
StandardScaler + NearMiss/SMOTE,2000,μ ACCURACY,total_time,4.140000000000001,0.309777,0.029832000000000025,1.9796560000000007,0.01506928476462578,0.8307114025437249
StandardScaler + NearMiss/SMOTE,5000,μ ACCURACY,total_time,9.868596,0.37076,0.060982999999999954,5.728596,0.010645365810401005,0.5650581346931242
StandardScaler + NearMiss/SMOTE,10000,μ ACCURACY,total_time,18.132726,0.416203,0.04544300000000001,8.264130000000002,0.005498824437660105,0.25601189131850566
StandardScaler + NearMiss/SMOTE,20000,μ ACCURACY,total_time,35.22919,0.482512,0.066309,17.096464,0.00387852131294518,0.15871381139369223
StandardScaler + NearMiss/SMOTE,30000,μ ACCURACY,total_time,50.932971,0.569806,0.08729400000000004,15.703781,0.005558788676434041,0.259612702307427
StandardScaler + NearMiss/SMOTE,40000,μ ACCURACY,total_time,66.074661,0.588513,0.018706999999999918,15.141690000000004,0.0012354631484332273,0.0
StandardScaler + NearMiss/SMOTE/ENN,500,σ F1 MACRO,fit_time,0.003626,0.011152,,,,
StandardScaler + NearMiss/SMOTE/ENN,1000,σ F1 MACRO,fit_time,0.002992,0.009464,-0.0016880000000000003,-0.000634,,
StandardScaler + NearMiss/SMOTE/ENN,2000,σ F1 MACRO,fit_time,0.005469,0.005848,-0.0036160000000000003,0.002477,-1.4598304400484459,0.0
StandardScaler + NearMiss/SMOTE/ENN,5000,σ F1 MACRO,fit_time,0.008879,0.005836,-1.1999999999999858e-05,0.00341,-0.003519061583577671,0.8280565785135988
StandardScaler + NearMiss/SMOTE/ENN,10000,σ F1 MACRO,fit_time,0.018784,0.004092,-0.0017439999999999999,0.009904999999999999,-0.17607269056032307,0.7299428304968756
StandardScaler + NearMiss/SMOTE/ENN,20000,σ F1 MACRO,fit_time,0.057364,0.005979,0.0018869999999999998,0.03858,0.0489113530326594,0.8578684376936979
StandardScaler + NearMiss/SMOTE/ENN,30000,σ F1 MACRO,fit_time,0.076104,0.006794,0.0008149999999999998,0.018740000000000007,0.043489861259338285,0.8547857851822629
StandardScaler + NearMiss/SMOTE/ENN,40000,σ F1 MACRO,fit_time,0.079674,0.007861,0.0010670000000000002,0.00356999999999999,0.29887955182072923,1.0
StandardScaler + NearMiss/SMOTE/ENN,500,σ F1 MACRO,score_time,0.979348,0.011152,,,,
StandardScaler + NearMiss/SMOTE/ENN,1000,σ F1 MACRO,score_time,1.362227,0.009464,-0.0016880000000000003,0.3828790000000001,-0.004408703532969946,0.0
StandardScaler + NearMiss/SMOTE/ENN,2000,σ F1 MACRO,score_time,2.735158,0.005848,-0.0036160000000000003,1.3729310000000001,-0.0026337813043772777,0.3942091901869267
StandardScaler + NearMiss/SMOTE/ENN,5000,σ F1 MACRO,score_time,6.322799,0.005836,-1.1999999999999858e-05,3.5876409999999996,-3.344816273423082e-06,0.9784275976806192
StandardScaler + NearMiss/SMOTE/ENN,10000,σ F1 MACRO,score_time,12.438353,0.004092,-0.0017439999999999999,6.1155539999999995,-0.00028517449114176736,0.9158333915172394
StandardScaler + NearMiss/SMOTE/ENN,20000,σ F1 MACRO,score_time,32.558912,0.005979,0.0018869999999999998,20.120559,9.378467069428835e-05,1.0
StandardScaler + NearMiss/SMOTE/ENN,30000,σ F1 MACRO,score_time,45.664015,0.006794,0.0008149999999999998,13.105103,6.218951503090055e-05,0.9929827343828075
StandardScaler + NearMiss/SMOTE/ENN,40000,σ F1 MACRO,score_time,69.287029,0.007861,0.0010670000000000002,23.623014000000005,4.516781812854194e-05,0.98920222544366
StandardScaler + NearMiss/SMOTE/ENN,500,σ F1 MACRO,total_time,0.982974,0.011152,,,,
StandardScaler + NearMiss/SMOTE/ENN,1000,σ F1 MACRO,total_time,1.3652190000000002,0.009464,-0.0016880000000000003,0.38224500000000017,-0.004416015906028855,0.0
StandardScaler + NearMiss/SMOTE/ENN,2000,σ F1 MACRO,total_time,2.7406270000000004,0.005848,-0.0036160000000000003,1.3754080000000002,-0.002629038074520433,0.39625897479417366
StandardScaler + NearMiss/SMOTE/ENN,5000,σ F1 MACRO,total_time,6.331678,0.005836,-1.1999999999999858e-05,3.5910509999999998,-3.3416400936661325e-06,0.9785022230768898
StandardScaler + NearMiss/SMOTE/ENN,10000,σ F1 MACRO,total_time,12.457137,0.004092,-0.0017439999999999999,6.125458999999999,-0.0002847133578071456,0.9161085736251207
StandardScaler + NearMiss/SMOTE/ENN,20000,σ F1 MACRO,total_time,32.616276,0.005979,0.0018869999999999998,20.159139,9.360518819776974e-05,1.0
StandardScaler + NearMiss/SMOTE/ENN,30000,σ F1 MACRO,total_time,45.740119,0.006794,0.0008149999999999998,13.123843,6.210071242089682e-05,0.9930139417217986
StandardScaler + NearMiss/SMOTE/ENN,40000,σ F1 MACRO,total_time,69.366703,0.007861,0.0010670000000000002,23.626584,4.516099322695148e-05,0.9892575908355498
StandardScaler + NearMiss/SMOTE/ENN,500,μ F1 MACRO,fit_time,0.003626,0.291767,,,,
StandardScaler + NearMiss/SMOTE/ENN,1000,μ F1 MACRO,fit_time,0.002992,0.304161,0.012394000000000016,-0.000634,,
StandardScaler + NearMiss/SMOTE/ENN,2000,μ F1 MACRO,fit_time,0.005469,0.335115,0.03095399999999998,0.002477,12.49656842955187,0.7348375114067635
StandardScaler + NearMiss/SMOTE/ENN,5000,μ F1 MACRO,fit_time,0.008879,0.389632,0.05451699999999998,0.00341,15.987390029325509,1.0
StandardScaler + NearMiss/SMOTE/ENN,10000,μ F1 MACRO,fit_time,0.018784,0.424882,0.035250000000000004,0.009904999999999999,3.558808682483595,0.055926100656137026
StandardScaler + NearMiss/SMOTE/ENN,20000,μ F1 MACRO,fit_time,0.057364,0.533776,0.10889400000000005,0.03858,2.8225505443234846,0.0
StandardScaler + NearMiss/SMOTE/ENN,30000,μ F1 MACRO,fit_time,0.076104,0.611731,0.077955,0.018740000000000007,4.159818569903947,0.1015787565890141
StandardScaler + NearMiss/SMOTE/ENN,40000,μ F1 MACRO,fit_time,0.079674,0.624449,0.012718000000000007,0.00356999999999999,3.56246498599441,0.05620383313551746
StandardScaler + NearMiss/SMOTE/ENN,500,μ F1 MACRO,score_time,0.979348,0.291767,,,,
StandardScaler + NearMiss/SMOTE/ENN,1000,μ F1 MACRO,score_time,1.362227,0.304161,0.012394000000000016,0.3828790000000001,0.03237054004006491,1.0
StandardScaler + NearMiss/SMOTE/ENN,2000,μ F1 MACRO,score_time,2.735158,0.335115,0.03095399999999998,1.3729310000000001,0.022545925468941977,0.6913620536324805
StandardScaler + NearMiss/SMOTE/ENN,5000,μ F1 MACRO,score_time,6.322799,0.389632,0.05451699999999998,3.5876409999999996,0.015195779064850689,0.4604589403106462
StandardScaler + NearMiss/SMOTE/ENN,10000,μ F1 MACRO,score_time,12.438353,0.424882,0.035250000000000004,6.1155539999999995,0.0057639912917129025,0.16416155502372373
StandardScaler + NearMiss/SMOTE/ENN,20000,μ F1 MACRO,score_time,32.558912,0.533776,0.10889400000000005,20.120559,0.005412076274819206,0.15310622788354186
StandardScaler + NearMiss/SMOTE/ENN,30000,μ F1 MACRO,score_time,45.664015,0.611731,0.077955,13.105103,0.005948446189243992,0.1699561620649768
StandardScaler + NearMiss/SMOTE/ENN,40000,μ F1 MACRO,score_time,69.287029,0.624449,0.012718000000000007,23.623014000000005,0.0005383732998676631,0.0
StandardScaler + NearMiss/SMOTE/ENN,500,μ F1 MACRO,total_time,0.982974,0.291767,,,,
StandardScaler + NearMiss/SMOTE/ENN,1000,μ F1 MACRO,total_time,1.3652190000000002,0.304161,0.012394000000000016,0.38224500000000017,0.03242423053277351,1.0
StandardScaler + NearMiss/SMOTE/ENN,2000,μ F1 MACRO,total_time,2.7406270000000004,0.335115,0.03095399999999998,1.3754080000000002,0.02250532205716411,0.6889253094992476
StandardScaler + NearMiss/SMOTE/ENN,5000,μ F1 MACRO,total_time,6.331678,0.389632,0.05451699999999998,3.5910509999999998,0.015181349415533221,0.4592324427555272
StandardScaler + NearMiss/SMOTE/ENN,10000,μ F1 MACRO,total_time,12.457137,0.424882,0.035250000000000004,6.125458999999999,0.0057546707928336485,0.163594959839226
StandardScaler + NearMiss/SMOTE/ENN,20000,μ F1 MACRO,total_time,32.616276,0.533776,0.10889400000000005,20.159139,0.005401718793644909,0.1525257545754368
StandardScaler + NearMiss/SMOTE/ENN,30000,μ F1 MACRO,total_time,45.740119,0.611731,0.077955,13.123843,0.0059399521923570705,0.16940571554425368
StandardScaler + NearMiss/SMOTE/ENN,40000,μ F1 MACRO,total_time,69.366703,0.624449,0.012718000000000007,23.626584,0.0005382919511343666,0.0
StandardScaler + NearMiss/SMOTE/ENN,500,μ ACCURACY,fit_time,0.003626,0.285871,,,,
StandardScaler + NearMiss/SMOTE/ENN,1000,μ ACCURACY,fit_time,0.002992,0.286131,0.000260000000000038,-0.000634,,
StandardScaler + NearMiss/SMOTE/ENN,2000,μ ACCURACY,fit_time,0.005469,0.311455,0.025323999999999958,0.002477,10.223657650383512,0.5284433167864093
StandardScaler + NearMiss/SMOTE/ENN,5000,μ ACCURACY,fit_time,0.008879,0.372081,0.06062600000000001,0.00341,17.77888563049854,1.0
StandardScaler + NearMiss/SMOTE/ENN,10000,μ ACCURACY,fit_time,0.018784,0.419599,0.047518000000000005,0.009904999999999999,4.797375063099445,0.18976395121677128
StandardScaler + NearMiss/SMOTE/ENN,20000,μ ACCURACY,fit_time,0.057364,0.487384,0.06778499999999998,0.03858,1.7569984447900462,0.0
StandardScaler + NearMiss/SMOTE/ENN,30000,μ ACCURACY,fit_time,0.076104,0.574828,0.08744400000000002,0.018740000000000007,4.666168623265741,0.18157475113610036
StandardScaler + NearMiss/SMOTE/ENN,40000,μ ACCURACY,fit_time,0.079674,0.595899,0.02107099999999995,0.00356999999999999,5.902240896358546,0.25872373232449497
StandardScaler + NearMiss/SMOTE/ENN,500,μ ACCURACY,score_time,0.979348,0.285871,,,,
StandardScaler + NearMiss/SMOTE/ENN,1000,μ ACCURACY,score_time,1.362227,0.286131,0.000260000000000038,0.3828790000000001,0.0006790657100547116,0.0
StandardScaler + NearMiss/SMOTE/ENN,2000,μ ACCURACY,score_time,2.735158,0.311455,0.025323999999999958,1.3729310000000001,0.01844520955532358,1.0
StandardScaler + NearMiss/SMOTE/ENN,5000,μ ACCURACY,score_time,6.322799,0.372081,0.06062600000000001,3.5876409999999996,0.01689856928271252,0.9129445147984135
StandardScaler + NearMiss/SMOTE/ENN,10000,μ ACCURACY,score_time,12.438353,0.419599,0.047518000000000005,6.1155539999999995,0.007770023778712445,0.3991275839267765
StandardScaler + NearMiss/SMOTE/ENN,20000,μ ACCURACY,score_time,32.558912,0.487384,0.06778499999999998,20.120559,0.0033689421849561925,0.1514046322223039
StandardScaler + NearMiss/SMOTE/ENN,30000,μ ACCURACY,score_time,45.664015,0.574828,0.08744400000000002,13.105103,0.006672515278971865,0.3373523045358665
StandardScaler + NearMiss/SMOTE/ENN,40000,μ ACCURACY,score_time,69.287029,0.595899,0.02107099999999995,23.623014000000005,0.0008919691619367429,0.011983661380673085
StandardScaler + NearMiss/SMOTE/ENN,500,μ ACCURACY,total_time,0.982974,0.285871,,,,
StandardScaler + NearMiss/SMOTE/ENN,1000,μ ACCURACY,total_time,1.3652190000000002,0.286131,0.000260000000000038,0.38224500000000017,0.0006801920234405627,0.0
StandardScaler + NearMiss/SMOTE/ENN,2000,μ ACCURACY,total_time,2.7406270000000004,0.311455,0.025323999999999958,1.3754080000000002,0.01841199120551862,1.0
StandardScaler + NearMiss/SMOTE/ENN,5000,μ ACCURACY,total_time,6.331678,0.372081,0.06062600000000001,3.5910509999999998,0.016882522693217116,0.9137443134452271
StandardScaler + NearMiss/SMOTE/ENN,10000,μ ACCURACY,total_time,12.457137,0.419599,0.047518000000000005,6.125458999999999,0.0077574594818118955,0.39912855913259454
StandardScaler + NearMiss/SMOTE/ENN,20000,μ ACCURACY,total_time,32.616276,0.487384,0.06778499999999998,20.159139,0.0033624947970248126,0.15127076198197167
StandardScaler + NearMiss/SMOTE/ENN,30000,μ ACCURACY,total_time,45.740119,0.574828,0.08744400000000002,13.123843,0.0066629873581998825,0.3374048664394006
StandardScaler + NearMiss/SMOTE/ENN,40000,μ ACCURACY,total_time,69.366703,0.595899,0.02107099999999995,23.626584,0.0008918343845221108,0.011935752199103401
RobustScaler + RUS/SMOTE,500,σ F1 MACRO,fit_time,0.002515,0.021046,,,,
RobustScaler + RUS/SMOTE,1000,σ F1 MACRO,fit_time,0.004152,0.009895,-0.011151,0.0016370000000000004,-6.811850946853999,0.0
RobustScaler + RUS/SMOTE,2000,σ F1 MACRO,fit_time,0.008266,0.009585,-0.0003099999999999995,0.0041140000000000005,-0.07535245503159929,0.9648197837811526
RobustScaler + RUS/SMOTE,5000,σ F1 MACRO,fit_time,0.02521,0.007165,-0.0024199999999999994,0.016944,-0.14282341831916898,0.9551564074307175
RobustScaler + RUS/SMOTE,10000,σ F1 MACRO,fit_time,0.057909,0.012733,0.005567999999999999,0.032699000000000006,0.17028043671060272,1.0
RobustScaler + RUS/SMOTE,20000,σ F1 MACRO,fit_time,0.120478,0.002645,-0.010088,0.062569,-0.1612300020777062,0.9525201660386026
RobustScaler + RUS/SMOTE,30000,σ F1 MACRO,fit_time,0.162396,0.003396,0.0007509999999999999,0.04191800000000001,0.01791593110358318,0.9781779377618597
RobustScaler + RUS/SMOTE,40000,σ F1 MACRO,fit_time,0.269929,0.003718,0.0003219999999999998,0.10753299999999996,0.0029944296169547944,0.9760408394079455
RobustScaler + RUS/SMOTE,500,σ F1 MACRO,score_time,0.469552,0.021046,,,,
RobustScaler + RUS/SMOTE,1000,σ F1 MACRO,score_time,0.500526,0.009895,-0.011151,0.030974,-0.36001162265125586,0.0
RobustScaler + RUS/SMOTE,2000,σ F1 MACRO,score_time,0.497014,0.009585,-0.0003099999999999995,-0.003512000000000015,,
RobustScaler + RUS/SMOTE,5000,σ F1 MACRO,score_time,0.534675,0.007165,-0.0024199999999999994,0.037661,-0.06425745466132071,0.7406433859620781
RobustScaler + RUS/SMOTE,10000,σ F1 MACRO,score_time,0.676322,0.012733,0.005567999999999999,0.14164699999999997,0.03930898642399769,1.0
RobustScaler + RUS/SMOTE,20000,σ F1 MACRO,score_time,0.85924,0.002645,-0.010088,0.18291800000000003,-0.055150395259077827,0.7634497705945492
RobustScaler + RUS/SMOTE,30000,σ F1 MACRO,score_time,0.738489,0.003396,0.0007509999999999999,-0.12075100000000005,,
RobustScaler + RUS/SMOTE,40000,σ F1 MACRO,score_time,0.813397,0.003718,0.0003219999999999998,0.07490800000000009,0.004298606290382862,0.9123251358984655
RobustScaler + RUS/SMOTE,500,σ F1 MACRO,total_time,0.472067,0.021046,,,,
RobustScaler + RUS/SMOTE,1000,σ F1 MACRO,total_time,0.5046780000000001,0.009895,-0.011151,0.03261100000000006,-0.34193983625157093,0.3163550008600887
RobustScaler + RUS/SMOTE,2000,σ F1 MACRO,total_time,0.5052800000000001,0.009585,-0.0003099999999999995,0.0006019999999999914,-0.5149501661129633,0.0
RobustScaler + RUS/SMOTE,5000,σ F1 MACRO,total_time,0.559885,0.007165,-0.0024199999999999994,0.054604999999999904,-0.04431828587125728,0.8605656610095538
RobustScaler + RUS/SMOTE,10000,σ F1 MACRO,total_time,0.734231,0.012733,0.005567999999999999,0.174346,0.03193649409794316,1.0
RobustScaler + RUS/SMOTE,20000,σ F1 MACRO,total_time,0.979718,0.002645,-0.010088,0.245487,-0.0410938257423,0.8664616909615621
RobustScaler + RUS/SMOTE,30000,σ F1 MACRO,total_time,0.9008849999999999,0.003396,0.0007509999999999999,-0.07883300000000004,,
RobustScaler + RUS/SMOTE,40000,σ F1 MACRO,total_time,1.083326,0.003718,0.0003219999999999998,0.18244100000000008,0.001764954149560678,0.9448303603954302
RobustScaler + RUS/SMOTE,500,μ F1 MACRO,fit_time,0.002515,0.639217,,,,
RobustScaler + RUS/SMOTE,1000,μ F1 MACRO,fit_time,0.004152,0.670651,0.03143399999999996,0.0016370000000000004,19.202199144777,1.0
RobustScaler + RUS/SMOTE,2000,μ F1 MACRO,fit_time,0.008266,0.692012,0.021360999999999963,0.0041140000000000005,5.192270296548362,0.26809403588813957
RobustScaler + RUS/SMOTE,5000,μ F1 MACRO,fit_time,0.02521,0.718902,0.02689000000000008,0.016944,1.5869924457034985,0.079747300519289
RobustScaler + RUS/SMOTE,10000,μ F1 MACRO,fit_time,0.057909,0.742775,0.023872999999999922,0.032699000000000006,0.7300834887917037,0.03498070797917673
RobustScaler + RUS/SMOTE,20000,μ F1 MACRO,fit_time,0.120478,0.775975,0.03320000000000001,0.062569,0.5306142019210792,0.024560044012977615
RobustScaler + RUS/SMOTE,30000,μ F1 MACRO,fit_time,0.162396,0.788136,0.012160999999999977,0.04191800000000001,0.2901140321580222,0.011995846826369342
RobustScaler + RUS/SMOTE,40000,μ F1 MACRO,fit_time,0.269929,0.794641,0.006505000000000094,0.10753299999999996,0.06049305794500383,0.0
RobustScaler + RUS/SMOTE,500,μ F1 MACRO,score_time,0.469552,0.639217,,,,
RobustScaler + RUS/SMOTE,1000,μ F1 MACRO,score_time,0.500526,0.670651,0.03143399999999996,0.030974,1.0148511654936385,1.0
RobustScaler + RUS/SMOTE,2000,μ F1 MACRO,score_time,0.497014,0.692012,0.021360999999999963,-0.003512000000000015,,
RobustScaler + RUS/SMOTE,5000,μ F1 MACRO,score_time,0.534675,0.718902,0.02689000000000008,0.037661,0.7140012214226941,0.675812200474161
RobustScaler + RUS/SMOTE,10000,μ F1 MACRO,score_time,0.676322,0.742775,0.023872999999999922,0.14164699999999997,0.16853869125360882,0.08803646421671013
RobustScaler + RUS/SMOTE,20000,μ F1 MACRO,score_time,0.85924,0.775975,0.03320000000000001,0.18291800000000003,0.18150209383439575,0.10200547780589622
RobustScaler + RUS/SMOTE,30000,μ F1 MACRO,score_time,0.738489,0.788136,0.012160999999999977,-0.12075100000000005,,
RobustScaler + RUS/SMOTE,40000,μ F1 MACRO,score_time,0.813397,0.794641,0.006505000000000094,0.07490800000000009,0.08683985689112093,0.0
RobustScaler + RUS/SMOTE,500,μ F1 MACRO,total_time,0.472067,0.639217,,,,
RobustScaler + RUS/SMOTE,1000,μ F1 MACRO,total_time,0.5046780000000001,0.670651,0.03143399999999996,0.03261100000000006,0.9639078838428723,0.026186512754925777
RobustScaler + RUS/SMOTE,2000,μ F1 MACRO,total_time,0.5052800000000001,0.692012,0.021360999999999963,0.0006019999999999914,35.48338870431938,1.0
RobustScaler + RUS/SMOTE,5000,μ F1 MACRO,total_time,0.559885,0.718902,0.02689000000000008,0.054604999999999904,0.4924457467264926,0.012886307278574139
RobustScaler + RUS/SMOTE,10000,μ F1 MACRO,total_time,0.734231,0.742775,0.023872999999999922,0.174346,0.13692886558911546,0.0028569810672275237
RobustScaler + RUS/SMOTE,20000,μ F1 MACRO,total_time,0.979718,0.775975,0.03320000000000001,0.245487,0.1352413773438105,0.0028093760982712494
RobustScaler + RUS/SMOTE,30000,μ F1 MACRO,total_time,0.9008849999999999,0.788136,0.012160999999999977,-0.07883300000000004,,
RobustScaler + RUS/SMOTE,40000,μ F1 MACRO,total_time,1.083326,0.794641,0.006505000000000094,0.18244100000000008,0.03565536255556641,0.0
RobustScaler + RUS/SMOTE,500,μ ACCURACY,fit_time,0.002515,0.916752,,,,
RobustScaler + RUS/SMOTE,1000,μ ACCURACY,fit_time,0.004152,0.935754,0.019001999999999963,0.0016370000000000004,11.607819181429418,1.0
RobustScaler + RUS/SMOTE,2000,μ ACCURACY,fit_time,0.008266,0.947007,0.011253000000000069,0.0041140000000000005,2.7352941176470753,0.23465705305961895
RobustScaler + RUS/SMOTE,5000,μ ACCURACY,fit_time,0.02521,0.956879,0.009871999999999992,0.016944,0.5826251180358824,0.04896808356041158
RobustScaler + RUS/SMOTE,10000,μ ACCURACY,fit_time,0.057909,0.962798,0.005919000000000008,0.032699000000000006,0.1810147099299675,0.014325217966670583
RobustScaler + RUS/SMOTE,20000,μ ACCURACY,fit_time,0.120478,0.967582,0.0047840000000000105,0.062569,0.07645958861417013,0.005306305752808796
RobustScaler + RUS/SMOTE,30000,μ ACCURACY,fit_time,0.162396,0.970237,0.002654999999999963,0.04191800000000001,0.0633379455126667,0.004174434394000435
RobustScaler + RUS/SMOTE,40000,μ ACCURACY,fit_time,0.269929,0.971844,0.001607000000000025,0.10753299999999996,0.01494424967219389,0.0
RobustScaler + RUS/SMOTE,500,μ ACCURACY,score_time,0.469552,0.916752,,,,
RobustScaler + RUS/SMOTE,1000,μ ACCURACY,score_time,0.500526,0.935754,0.019001999999999963,0.030974,0.6134822754568335,1.0
RobustScaler + RUS/SMOTE,2000,μ ACCURACY,score_time,0.497014,0.947007,0.011253000000000069,-0.003512000000000015,,
RobustScaler + RUS/SMOTE,5000,μ ACCURACY,score_time,0.534675,0.956879,0.009871999999999992,0.037661,0.26212793075064367,0.4065254054448595
RobustScaler + RUS/SMOTE,10000,μ ACCURACY,score_time,0.676322,0.962798,0.005919000000000008,0.14164699999999997,0.041786977486286396,0.03434626528990397
RobustScaler + RUS/SMOTE,20000,μ ACCURACY,score_time,0.85924,0.967582,0.0047840000000000105,0.18291800000000003,0.026153795689872018,0.00794017022370462
RobustScaler + RUS/SMOTE,30000,μ ACCURACY,score_time,0.738489,0.970237,0.002654999999999963,-0.12075100000000005,,
RobustScaler + RUS/SMOTE,40000,μ ACCURACY,score_time,0.813397,0.971844,0.001607000000000025,0.07490800000000009,0.021452982324985624,0.0
RobustScaler + RUS/SMOTE,500,μ ACCURACY,total_time,0.472067,0.916752,,,,
RobustScaler + RUS/SMOTE,1000,μ ACCURACY,total_time,0.5046780000000001,0.935754,0.019001999999999963,0.03261100000000006,0.5826868234644731,0.0307151626627423
RobustScaler + RUS/SMOTE,2000,μ ACCURACY,total_time,0.5052800000000001,0.947007,0.011253000000000069,0.0006019999999999914,18.69269102990071,1.0
RobustScaler + RUS/SMOTE,5000,μ ACCURACY,total_time,0.559885,0.956879,0.009871999999999992,0.054604999999999904,0.180789305008699,0.009204777222621497
RobustScaler + RUS/SMOTE,10000,μ ACCURACY,total_time,0.734231,0.962798,0.005919000000000008,0.174346,0.03394973214183295,0.0013456199370395733
RobustScaler + RUS/SMOTE,20000,μ ACCURACY,total_time,0.979718,0.967582,0.0047840000000000105,0.245487,0.01948779365098767,0.0005715871130881279
RobustScaler + RUS/SMOTE,30000,μ ACCURACY,total_time,0.9008849999999999,0.970237,0.002654999999999963,-0.07883300000000004,,
RobustScaler + RUS/SMOTE,40000,μ ACCURACY,total_time,1.083326,0.971844,0.001607000000000025,0.18244100000000008,0.008808327075602657,0.0
RobustScaler + RUS/SMOTE/ENN,500,σ F1 MACRO,fit_time,0.00291,0.026642,,,,
RobustScaler + RUS/SMOTE/ENN,1000,σ F1 MACRO,fit_time,0.00518,0.011644,-0.014998,0.00227,-6.60704845814978,0.0
RobustScaler + RUS/SMOTE/ENN,2000,σ F1 MACRO,fit_time,0.010803,0.004833,-0.006811,0.005623,-1.211275120042682,0.7993048937498958
RobustScaler + RUS/SMOTE/ENN,5000,σ F1 MACRO,fit_time,0.030652,0.007682,0.002849,0.019849,0.1435336792785531,1.0
RobustScaler + RUS/SMOTE/ENN,10000,σ F1 MACRO,fit_time,0.067807,0.011189,0.0035069999999999997,0.03715500000000001,0.09438837303189339,0.9927198417490285
RobustScaler + RUS/SMOTE/ENN,20000,σ F1 MACRO,fit_time,0.123378,0.002793,-0.008395999999999999,0.055570999999999995,-0.15108599809253026,0.9563564043258467
RobustScaler + RUS/SMOTE/ENN,30000,σ F1 MACRO,fit_time,0.208533,0.004764,0.001971,0.085155,0.0231460278316012,0.9821663303999418
RobustScaler + RUS/SMOTE/ENN,40000,σ F1 MACRO,fit_time,0.329088,0.007858,0.0030940000000000004,0.120555,0.025664634399236868,0.9825394251221986
RobustScaler + RUS/SMOTE/ENN,500,σ F1 MACRO,score_time,0.440779,0.026642,,,,
RobustScaler + RUS/SMOTE/ENN,1000,σ F1 MACRO,score_time,0.507151,0.011644,-0.014998,0.06637200000000004,-0.22596878201651283,0.0
RobustScaler + RUS/SMOTE/ENN,2000,σ F1 MACRO,score_time,0.595156,0.004833,-0.006811,0.088005,-0.07739332992443611,0.5651962742539112
RobustScaler + RUS/SMOTE/ENN,5000,σ F1 MACRO,score_time,0.539877,0.007682,0.002849,-0.05527899999999997,,
RobustScaler + RUS/SMOTE/ENN,10000,σ F1 MACRO,score_time,0.634904,0.011189,0.0035069999999999997,0.09502699999999997,0.036905300598777196,1.0
RobustScaler + RUS/SMOTE/ENN,20000,σ F1 MACRO,score_time,0.682643,0.002793,-0.008395999999999999,0.047738999999999976,-0.17587297597352275,0.19056958960957784
RobustScaler + RUS/SMOTE/ENN,30000,σ F1 MACRO,score_time,0.797475,0.004764,0.001971,0.11483200000000005,0.017164205099623794,0.9249028458691989
RobustScaler + RUS/SMOTE/ENN,40000,σ F1 MACRO,score_time,1.059743,0.007858,0.0030940000000000004,0.26226800000000006,0.011797093049857398,0.9044858005813186
RobustScaler + RUS/SMOTE/ENN,500,σ F1 MACRO,total_time,0.443689,0.026642,,,,
RobustScaler + RUS/SMOTE/ENN,1000,σ F1 MACRO,total_time,0.512331,0.011644,-0.014998,0.06864199999999998,-0.21849596456979697,0.0
RobustScaler + RUS/SMOTE/ENN,2000,σ F1 MACRO,total_time,0.605959,0.004833,-0.006811,0.09362800000000004,-0.07274533259281409,0.5948336139783976
RobustScaler + RUS/SMOTE/ENN,5000,σ F1 MACRO,total_time,0.5705290000000001,0.007682,0.002849,-0.03542999999999996,,
RobustScaler + RUS/SMOTE/ENN,10000,σ F1 MACRO,total_time,0.7027110000000001,0.011189,0.0035069999999999997,0.13218200000000002,0.026531600369187933,1.0
RobustScaler + RUS/SMOTE/ENN,20000,σ F1 MACRO,total_time,0.806021,0.002793,-0.008395999999999999,0.1033099999999999,-0.0812699641854613,0.5600431135921657
RobustScaler + RUS/SMOTE/ENN,30000,σ F1 MACRO,total_time,1.006008,0.004764,0.001971,0.19998700000000003,0.009855640616640082,0.9319425152974099
RobustScaler + RUS/SMOTE/ENN,40000,σ F1 MACRO,total_time,1.3888310000000001,0.007858,0.0030940000000000004,0.38282300000000014,0.008082064034815043,0.9247042415861779
RobustScaler + RUS/SMOTE/ENN,500,μ F1 MACRO,fit_time,0.00291,0.644292,,,,
RobustScaler + RUS/SMOTE/ENN,1000,μ F1 MACRO,fit_time,0.00518,0.675467,0.031175000000000064,0.00227,13.733480176211483,1.0
RobustScaler + RUS/SMOTE/ENN,2000,μ F1 MACRO,fit_time,0.010803,0.696219,0.020751999999999993,0.005623,3.690556642361727,0.2655400780973665
RobustScaler + RUS/SMOTE/ENN,5000,μ F1 MACRO,fit_time,0.030652,0.722875,0.026656000000000013,0.019849,1.3429391908912296,0.09385392274103566
RobustScaler + RUS/SMOTE/ENN,10000,μ F1 MACRO,fit_time,0.067807,0.742838,0.019962999999999953,0.03715500000000001,0.5372897322029323,0.03493509930135517
RobustScaler + RUS/SMOTE/ENN,20000,μ F1 MACRO,fit_time,0.123378,0.770338,0.02749999999999997,0.055570999999999995,0.49486242824494736,0.031832302167981406
RobustScaler + RUS/SMOTE/ENN,30000,μ F1 MACRO,fit_time,0.208533,0.785742,0.015404000000000084,0.085155,0.18089366449415872,0.008871112338442235
RobustScaler + RUS/SMOTE/ENN,40000,μ F1 MACRO,fit_time,0.329088,0.792926,0.007183999999999968,0.120555,0.0595910580233086,0.0
RobustScaler + RUS/SMOTE/ENN,500,μ F1 MACRO,score_time,0.440779,0.644292,,,,
RobustScaler + RUS/SMOTE/ENN,1000,μ F1 MACRO,score_time,0.507151,0.675467,0.031175000000000064,0.06637200000000004,0.4697010787681559,0.8061669973982081
RobustScaler + RUS/SMOTE/ENN,2000,μ F1 MACRO,score_time,0.595156,0.696219,0.020751999999999993,0.088005,0.2358047838191011,0.37986012372982786
RobustScaler + RUS/SMOTE/ENN,5000,μ F1 MACRO,score_time,0.539877,0.722875,0.026656000000000013,-0.05527899999999997,,
RobustScaler + RUS/SMOTE/ENN,10000,μ F1 MACRO,score_time,0.634904,0.742838,0.019962999999999953,0.09502699999999997,0.21007713597188124,0.33296808927935373
RobustScaler + RUS/SMOTE/ENN,20000,μ F1 MACRO,score_time,0.682643,0.770338,0.02749999999999997,0.047738999999999976,0.5760489327384315,1.0
RobustScaler + RUS/SMOTE/ENN,30000,μ F1 MACRO,score_time,0.797475,0.785742,0.015404000000000084,0.11483200000000005,0.13414379267103316,0.19456954732372708
RobustScaler + RUS/SMOTE/ENN,40000,μ F1 MACRO,score_time,1.059743,0.792926,0.007183999999999968,0.26226800000000006,0.02739182820626217,0.0
RobustScaler + RUS/SMOTE/ENN,500,μ F1 MACRO,total_time,0.443689,0.644292,,,,
RobustScaler + RUS/SMOTE/ENN,1000,μ F1 MACRO,total_time,0.512331,0.675467,0.031175000000000064,0.06864199999999998,0.454168002097842,1.0
RobustScaler + RUS/SMOTE/ENN,2000,μ F1 MACRO,total_time,0.605959,0.696219,0.020751999999999993,0.09362800000000004,0.22164309821848147,0.46595370702317374
RobustScaler + RUS/SMOTE/ENN,5000,μ F1 MACRO,total_time,0.5705290000000001,0.722875,0.026656000000000013,-0.03542999999999996,,
RobustScaler + RUS/SMOTE/ENN,10000,μ F1 MACRO,total_time,0.7027110000000001,0.742838,0.019962999999999953,0.13218200000000002,0.15102661481896135,0.30376690228358577
RobustScaler + RUS/SMOTE/ENN,20000,μ F1 MACRO,total_time,0.806021,0.770338,0.02749999999999997,0.1033099999999999,0.266189139483109,0.568263815778276
RobustScaler + RUS/SMOTE/ENN,30000,μ F1 MACRO,total_time,1.006008,0.785742,0.015404000000000084,0.19998700000000003,0.07702500662543106,0.1338053890403314
RobustScaler + RUS/SMOTE/ENN,40000,μ F1 MACRO,total_time,1.3888310000000001,0.792926,0.007183999999999968,0.38282300000000014,0.018765852626409504,0.0
RobustScaler + RUS/SMOTE/ENN,500,μ ACCURACY,fit_time,0.00291,0.913484,,,,
RobustScaler + RUS/SMOTE/ENN,1000,μ ACCURACY,fit_time,0.00518,0.93345,0.01996600000000004,0.00227,8.795594713656405,1.0
RobustScaler + RUS/SMOTE/ENN,2000,μ ACCURACY,fit_time,0.010803,0.945897,0.012446999999999986,0.005623,2.2135870531744595,0.25052067913685244
RobustScaler + RUS/SMOTE/ENN,5000,μ ACCURACY,fit_time,0.030652,0.956516,0.010619000000000045,0.019849,0.5349891682200638,0.059382280685669454
RobustScaler + RUS/SMOTE/ENN,10000,μ ACCURACY,fit_time,0.067807,0.962124,0.005607999999999946,0.03715500000000001,0.1509352711613496,0.015650873979689686
RobustScaler + RUS/SMOTE/ENN,20000,μ ACCURACY,fit_time,0.123378,0.966646,0.004522000000000026,0.055570999999999995,0.08137337820086063,0.007730008039803369
RobustScaler + RUS/SMOTE/ENN,30000,μ ACCURACY,fit_time,0.208533,0.969116,0.0024699999999999722,0.085155,0.029005930362280222,0.0017670372767882238
RobustScaler + RUS/SMOTE/ENN,40000,μ ACCURACY,fit_time,0.329088,0.970742,0.0016260000000000163,0.120555,0.013487619758616535,0.0
RobustScaler + RUS/SMOTE/ENN,500,μ ACCURACY,score_time,0.440779,0.913484,,,,
RobustScaler + RUS/SMOTE/ENN,1000,μ ACCURACY,score_time,0.507151,0.93345,0.01996600000000004,0.06637200000000004,0.300819622732478,1.0
RobustScaler + RUS/SMOTE/ENN,2000,μ ACCURACY,score_time,0.595156,0.945897,0.012446999999999986,0.088005,0.14143514573035607,0.4590165160731453
RobustScaler + RUS/SMOTE/ENN,5000,μ ACCURACY,score_time,0.539877,0.956516,0.010619000000000045,-0.05527899999999997,,
RobustScaler + RUS/SMOTE/ENN,10000,μ ACCURACY,score_time,0.634904,0.962124,0.005607999999999946,0.09502699999999997,0.05901480631820375,0.17926504215121253
RobustScaler + RUS/SMOTE/ENN,20000,μ ACCURACY,score_time,0.682643,0.966646,0.004522000000000026,0.047738999999999976,0.09472339177611655,0.3004672779678429
RobustScaler + RUS/SMOTE/ENN,30000,μ ACCURACY,score_time,0.797475,0.969116,0.0024699999999999722,0.11483200000000005,0.02150968371185707,0.051964992144365625
RobustScaler + RUS/SMOTE/ENN,40000,μ ACCURACY,score_time,1.059743,0.970742,0.0016260000000000163,0.26226800000000006,0.006199765125749294,0.0
RobustScaler + RUS/SMOTE/ENN,500,μ ACCURACY,total_time,0.443689,0.913484,,,,
RobustScaler + RUS/SMOTE/ENN,1000,μ ACCURACY,total_time,0.512331,0.93345,0.01996600000000004,0.06864199999999998,0.2908714781037855,1.0
RobustScaler + RUS/SMOTE/ENN,2000,μ ACCURACY,total_time,0.605959,0.945897,0.012446999999999986,0.09362800000000004,0.1329410005553892,0.44899788208938224
RobustScaler + RUS/SMOTE/ENN,5000,μ ACCURACY,total_time,0.5705290000000001,0.956516,0.010619000000000045,-0.03542999999999996,,
RobustScaler + RUS/SMOTE/ENN,10000,μ ACCURACY,total_time,0.7027110000000001,0.962124,0.005607999999999946,0.13218200000000002,0.04242635154559581,0.13320219730112454
RobustScaler + RUS/SMOTE/ENN,20000,μ ACCURACY,total_time,0.806021,0.966646,0.004522000000000026,0.1033099999999999,0.04377117413609554,0.13789413584954258
RobustScaler + RUS/SMOTE/ENN,30000,μ ACCURACY,total_time,1.006008,0.969116,0.0024699999999999722,0.19998700000000003,0.012350802802182,0.028271905743772696
RobustScaler + RUS/SMOTE/ENN,40000,μ ACCURACY,total_time,1.3888310000000001,0.970742,0.0016260000000000163,0.38282300000000014,0.004247393704140075,0.0
RobustScaler + NearMiss/SMOTE,500,σ F1 MACRO,fit_time,0.002508,0.002177,,,,
RobustScaler + NearMiss/SMOTE,1000,σ F1 MACRO,fit_time,0.003966,0.004782,0.0026049999999999997,0.001458,1.786694101508916,1.0
RobustScaler + NearMiss/SMOTE,2000,σ F1 MACRO,fit_time,0.007259,0.008426,0.0036439999999999997,0.003293,1.1065897358032188,0.6654946036598485
RobustScaler + NearMiss/SMOTE,5000,σ F1 MACRO,fit_time,0.019999,0.010795,0.0023690000000000013,0.01274,0.1859497645211932,0.21268316175602806
RobustScaler + NearMiss/SMOTE,10000,σ F1 MACRO,fit_time,0.042237,0.005314,-0.005481000000000001,0.022237999999999997,-0.24647000629553023,0.0
RobustScaler + NearMiss/SMOTE,20000,σ F1 MACRO,fit_time,0.09522,0.006183,0.000869,0.052983,0.01640148726950154,0.12929182280760354
RobustScaler + NearMiss/SMOTE,30000,σ F1 MACRO,fit_time,0.142561,0.007874,0.0016910000000000007,0.047340999999999994,0.035719566549080095,0.13879330830276093
RobustScaler + NearMiss/SMOTE,40000,σ F1 MACRO,fit_time,0.252423,0.007756,-0.00011800000000000092,0.10986200000000002,-0.0010740747483206285,0.12069656876453787
RobustScaler + NearMiss/SMOTE,500,σ F1 MACRO,score_time,0.49272,0.002177,,,,
RobustScaler + NearMiss/SMOTE,1000,σ F1 MACRO,score_time,0.587568,0.004782,0.0026049999999999997,0.09484799999999999,0.02746499662618084,0.9230418169708398
RobustScaler + NearMiss/SMOTE,2000,σ F1 MACRO,score_time,0.696833,0.008426,0.0036439999999999997,0.10926500000000006,0.03335011211275338,1.0
RobustScaler + NearMiss/SMOTE,5000,σ F1 MACRO,score_time,0.831172,0.010795,0.0023690000000000013,0.134339,0.017634491845257158,0.7944907650967562
RobustScaler + NearMiss/SMOTE,10000,σ F1 MACRO,score_time,0.958278,0.005314,-0.005481000000000001,0.12710599999999994,-0.043121489150787555,0.0
RobustScaler + NearMiss/SMOTE,20000,σ F1 MACRO,score_time,1.018727,0.006183,0.000869,0.060448999999999975,0.014375754768482529,0.7518770755318656
RobustScaler + NearMiss/SMOTE,30000,σ F1 MACRO,score_time,1.265855,0.007874,0.0016910000000000007,0.24712800000000001,0.006842607879317603,0.653367998113652
RobustScaler + NearMiss/SMOTE,40000,σ F1 MACRO,score_time,1.381444,0.007756,-0.00011800000000000092,0.11558899999999994,-0.0010208583861786242,0.5505394168420674
RobustScaler + NearMiss/SMOTE,500,σ F1 MACRO,total_time,0.495228,0.002177,,,,
RobustScaler + NearMiss/SMOTE,1000,σ F1 MACRO,total_time,0.591534,0.004782,0.0026049999999999997,0.096306,0.027049197350113175,0.9229065679243162
RobustScaler + NearMiss/SMOTE,2000,σ F1 MACRO,total_time,0.704092,0.008426,0.0036439999999999997,0.11255800000000005,0.032374420298868126,1.0
RobustScaler + NearMiss/SMOTE,5000,σ F1 MACRO,total_time,0.851171,0.010795,0.0023690000000000013,0.14707899999999996,0.016106990120955417,0.7644958651430627
RobustScaler + NearMiss/SMOTE,10000,σ F1 MACRO,total_time,1.000515,0.005314,-0.005481000000000001,0.14934400000000003,-0.03670050353546175,0.0
RobustScaler + NearMiss/SMOTE,20000,σ F1 MACRO,total_time,1.113947,0.006183,0.000869,0.11343199999999998,0.007660977501939489,0.6422226558482836
RobustScaler + NearMiss/SMOTE,30000,σ F1 MACRO,total_time,1.408416,0.007874,0.0016910000000000007,0.29446899999999987,0.005742539961761685,0.6144493709326316
RobustScaler + NearMiss/SMOTE,40000,σ F1 MACRO,total_time,1.633867,0.007756,-0.00011800000000000092,0.22545100000000007,-0.0005233953275878167,0.5237372146025314
RobustScaler + NearMiss/SMOTE,500,μ F1 MACRO,fit_time,0.002508,0.2298,,,,
RobustScaler + NearMiss/SMOTE,1000,μ F1 MACRO,fit_time,0.003966,0.359557,0.129757,0.001458,88.9965706447188,1.0
RobustScaler + NearMiss/SMOTE,2000,μ F1 MACRO,fit_time,0.007259,0.382895,0.02333799999999997,0.003293,7.087154570300629,0.07742461409873236
RobustScaler + NearMiss/SMOTE,5000,μ F1 MACRO,fit_time,0.019999,0.430616,0.04772100000000001,0.01274,3.7457613814756683,0.03978929378553048
RobustScaler + NearMiss/SMOTE,10000,μ F1 MACRO,fit_time,0.042237,0.439987,0.009371000000000018,0.022237999999999997,0.42139580897562817,0.0023457616751363084
RobustScaler + NearMiss/SMOTE,20000,μ F1 MACRO,fit_time,0.09522,0.453318,0.013330999999999982,0.052983,0.251609006662514,0.0004333914963201335
RobustScaler + NearMiss/SMOTE,30000,μ F1 MACRO,fit_time,0.142561,0.468397,0.015079000000000009,0.047340999999999994,0.3185188314568769,0.0011870210591796934
RobustScaler + NearMiss/SMOTE,40000,μ F1 MACRO,fit_time,0.252423,0.491812,0.02341500000000002,0.10986200000000002,0.2131310189146385,0.0
RobustScaler + NearMiss/SMOTE,500,μ F1 MACRO,score_time,0.49272,0.2298,,,,
RobustScaler + NearMiss/SMOTE,1000,μ F1 MACRO,score_time,0.587568,0.359557,0.129757,0.09484799999999999,1.368052041160594,1.0
RobustScaler + NearMiss/SMOTE,2000,μ F1 MACRO,score_time,0.696833,0.382895,0.02333799999999997,0.10926500000000006,0.21359081133025176,0.1167327878149119
RobustScaler + NearMiss/SMOTE,5000,μ F1 MACRO,score_time,0.831172,0.430616,0.04772100000000001,0.134339,0.35522819136661743,0.22509818855193411
RobustScaler + NearMiss/SMOTE,10000,μ F1 MACRO,score_time,0.958278,0.439987,0.009371000000000018,0.12710599999999994,0.07372586659953127,0.009723460327249215
RobustScaler + NearMiss/SMOTE,20000,μ F1 MACRO,score_time,1.018727,0.453318,0.013330999999999982,0.060448999999999975,0.22053301129878058,0.12204419841423965
RobustScaler + NearMiss/SMOTE,30000,μ F1 MACRO,score_time,1.265855,0.468397,0.015079000000000009,0.24712800000000001,0.061016962869444205,0.0
RobustScaler + NearMiss/SMOTE,40000,μ F1 MACRO,score_time,1.381444,0.491812,0.02341500000000002,0.11558899999999994,0.20257117891840945,0.1083017727680551
RobustScaler + NearMiss/SMOTE,500,μ F1 MACRO,total_time,0.495228,0.2298,,,,
RobustScaler + NearMiss/SMOTE,1000,μ F1 MACRO,total_time,0.591534,0.359557,0.129757,0.096306,1.3473407679687663,1.0
RobustScaler + NearMiss/SMOTE,2000,μ F1 MACRO,total_time,0.704092,0.382895,0.02333799999999997,0.11255800000000005,0.2073419925727177,0.12046180751909029
RobustScaler + NearMiss/SMOTE,5000,μ F1 MACRO,total_time,0.851171,0.430616,0.04772100000000001,0.14707899999999996,0.324458284323391,0.21082001998354474
RobustScaler + NearMiss/SMOTE,10000,μ F1 MACRO,total_time,1.000515,0.439987,0.009371000000000018,0.14934400000000003,0.06274775016070291,0.008903653809646578
RobustScaler + NearMiss/SMOTE,20000,μ F1 MACRO,total_time,1.113947,0.453318,0.013330999999999982,0.11343199999999998,0.11752415544114522,0.051165050515291646
RobustScaler + NearMiss/SMOTE,30000,μ F1 MACRO,total_time,1.408416,0.468397,0.015079000000000009,0.29446899999999987,0.05120742760698076,0.0
RobustScaler + NearMiss/SMOTE,40000,μ F1 MACRO,total_time,1.633867,0.491812,0.02341500000000002,0.22545100000000007,0.1038584880971919,0.04062163887823056
RobustScaler + NearMiss/SMOTE,500,μ ACCURACY,fit_time,0.002508,0.287007,,,,
RobustScaler + NearMiss/SMOTE,1000,μ ACCURACY,fit_time,0.003966,0.374577,0.08756999999999998,0.001458,60.061728395061714,1.0
RobustScaler + NearMiss/SMOTE,2000,μ ACCURACY,fit_time,0.007259,0.393889,0.019311999999999996,0.003293,5.864561190403886,0.09300050104720033
RobustScaler + NearMiss/SMOTE,5000,μ ACCURACY,fit_time,0.019999,0.399764,0.005875000000000019,0.01274,0.46114599686028407,0.002573360184443246
RobustScaler + NearMiss/SMOTE,10000,μ ACCURACY,fit_time,0.042237,0.408322,0.00855800000000001,0.022237999999999997,0.3848367658962142,0.0012963112569868201
RobustScaler + NearMiss/SMOTE,20000,μ ACCURACY,fit_time,0.09522,0.434317,0.02599499999999999,0.052983,0.4906290697016022,0.003066764797154558
RobustScaler + NearMiss/SMOTE,30000,μ ACCURACY,fit_time,0.142561,0.463084,0.028766999999999987,0.047340999999999994,0.6076550981179103,0.005025216771908423
RobustScaler + NearMiss/SMOTE,40000,μ ACCURACY,fit_time,0.252423,0.496853,0.03376899999999999,0.10986200000000002,0.3073765269155849,0.0
RobustScaler + NearMiss/SMOTE,500,μ ACCURACY,score_time,0.49272,0.287007,,,,
RobustScaler + NearMiss/SMOTE,1000,μ ACCURACY,score_time,0.587568,0.374577,0.08756999999999998,0.09484799999999999,0.9232667004048583,1.0
RobustScaler + NearMiss/SMOTE,2000,μ ACCURACY,score_time,0.696833,0.393889,0.019311999999999996,0.10926500000000006,0.17674461172379066,0.15123003438201793
RobustScaler + NearMiss/SMOTE,5000,μ ACCURACY,score_time,0.831172,0.399764,0.005875000000000019,0.134339,0.043732646513670786,0.0
RobustScaler + NearMiss/SMOTE,10000,μ ACCURACY,score_time,0.958278,0.408322,0.00855800000000001,0.12710599999999994,0.06732963038723597,0.02682895991254536
RobustScaler + NearMiss/SMOTE,20000,μ ACCURACY,score_time,1.018727,0.434317,0.02599499999999999,0.060448999999999975,0.43003192774074017,0.439209010177633
RobustScaler + NearMiss/SMOTE,30000,μ ACCURACY,score_time,1.265855,0.463084,0.028766999999999987,0.24712800000000001,0.11640526366902976,0.08262626879976355
RobustScaler + NearMiss/SMOTE,40000,μ ACCURACY,score_time,1.381444,0.496853,0.03376899999999999,0.11558899999999994,0.29214717663445494,0.2824387856522006
RobustScaler + NearMiss/SMOTE,500,μ ACCURACY,total_time,0.495228,0.287007,,,,
RobustScaler + NearMiss/SMOTE,1000,μ ACCURACY,total_time,0.591534,0.374577,0.08756999999999998,0.096306,0.9092891408634973,1.0
RobustScaler + NearMiss/SMOTE,2000,μ ACCURACY,total_time,0.704092,0.393889,0.019311999999999996,0.11255800000000005,0.1715737664137599,0.15141204487162413
RobustScaler + NearMiss/SMOTE,5000,μ ACCURACY,total_time,0.851171,0.399764,0.005875000000000019,0.14707899999999996,0.03994451961190939,0.0
RobustScaler + NearMiss/SMOTE,10000,μ ACCURACY,total_time,1.000515,0.408322,0.00855800000000001,0.14934400000000003,0.05730394257553038,0.01996840210344751
RobustScaler + NearMiss/SMOTE,20000,μ ACCURACY,total_time,1.113947,0.434317,0.02599499999999999,0.11343199999999998,0.22916813597573873,0.2176623766204543
RobustScaler + NearMiss/SMOTE,30000,μ ACCURACY,total_time,1.408416,0.463084,0.028766999999999987,0.29446899999999987,0.09769109821407347,0.0664254165615321
RobustScaler + NearMiss/SMOTE,40000,μ ACCURACY,total_time,1.633867,0.496853,0.03376899999999999,0.22545100000000007,0.14978421031621053,0.1263476968962733
RobustScaler + NearMiss/SMOTE/ENN,500,σ F1 MACRO,fit_time,0.002508,0.001536,,,,
RobustScaler + NearMiss/SMOTE/ENN,1000,σ F1 MACRO,fit_time,0.003892,0.003366,0.00183,0.0013840000000000002,1.3222543352601155,1.0
RobustScaler + NearMiss/SMOTE/ENN,2000,σ F1 MACRO,fit_time,0.007026,0.003881,0.0005149999999999998,0.003134,0.16432673899170383,0.2784110948846551
RobustScaler + NearMiss/SMOTE/ENN,5000,σ F1 MACRO,fit_time,0.020978,0.013115,0.009234,0.013951999999999999,0.6618405963302753,0.5884481652106257
RobustScaler + NearMiss/SMOTE/ENN,10000,σ F1 MACRO,fit_time,0.0443,0.006528,-0.006587,0.023322,-0.28243718377497645,0.0
RobustScaler + NearMiss/SMOTE/ENN,20000,σ F1 MACRO,fit_time,0.101448,0.006541,1.299999999999999e-05,0.057148,0.000227479526842584,0.17614891083352055
RobustScaler + NearMiss/SMOTE/ENN,30000,σ F1 MACRO,fit_time,0.150571,0.005969,-0.0005719999999999996,0.049123000000000014,-0.011644239969057254,0.16875077894644086
RobustScaler + NearMiss/SMOTE/ENN,40000,σ F1 MACRO,fit_time,0.19979,0.006393,0.0004239999999999999,0.049218999999999985,0.008614559418110892,0.18137551033366092
RobustScaler + NearMiss/SMOTE/ENN,500,σ F1 MACRO,score_time,0.486735,0.001536,,,,
RobustScaler + NearMiss/SMOTE/ENN,1000,σ F1 MACRO,score_time,0.536977,0.003366,0.00183,0.050242000000000064,0.036423709247243294,0.8888228350591194
RobustScaler + NearMiss/SMOTE/ENN,2000,σ F1 MACRO,score_time,0.677471,0.003881,0.0005149999999999998,0.140494,0.003665636966703203,0.6699445838719498
RobustScaler + NearMiss/SMOTE/ENN,5000,σ F1 MACRO,score_time,0.851491,0.013115,0.009234,0.17401999999999995,0.05306286633720263,1.0
RobustScaler + NearMiss/SMOTE/ENN,10000,σ F1 MACRO,score_time,0.919679,0.006528,-0.006587,0.06818800000000003,-0.09660057488121074,0.0
RobustScaler + NearMiss/SMOTE/ENN,20000,σ F1 MACRO,score_time,1.052341,0.006541,1.299999999999999e-05,0.13266199999999995,9.799339675264956e-05,0.6461068079868953
RobustScaler + NearMiss/SMOTE/ENN,30000,σ F1 MACRO,score_time,1.112675,0.005969,-0.0005719999999999996,0.06033400000000011,-0.009480558225875933,0.5821061973858735
RobustScaler + NearMiss/SMOTE/ENN,40000,σ F1 MACRO,score_time,1.076303,0.006393,0.0004239999999999999,-0.03637200000000007,,
RobustScaler + NearMiss/SMOTE/ENN,500,σ F1 MACRO,total_time,0.489243,0.001536,,,,
RobustScaler + NearMiss/SMOTE/ENN,1000,σ F1 MACRO,total_time,0.540869,0.003366,0.00183,0.05162600000000006,0.035447255258977996,0.8870647685239307
RobustScaler + NearMiss/SMOTE/ENN,2000,σ F1 MACRO,total_time,0.684497,0.003881,0.0005149999999999998,0.14362799999999998,0.0035856518227643627,0.6239752109824126
RobustScaler + NearMiss/SMOTE/ENN,5000,σ F1 MACRO,total_time,0.872469,0.013115,0.009234,0.18797200000000003,0.04912433766731214,1.0
RobustScaler + NearMiss/SMOTE/ENN,10000,σ F1 MACRO,total_time,0.963979,0.006528,-0.006587,0.09150999999999998,-0.07198120423997378,0.0
RobustScaler + NearMiss/SMOTE/ENN,20000,σ F1 MACRO,total_time,1.153789,0.006541,1.299999999999999e-05,0.18980999999999992,6.848954217375269e-05,0.5949330860292604
RobustScaler + NearMiss/SMOTE/ENN,30000,σ F1 MACRO,total_time,1.263246,0.005969,-0.0005719999999999996,0.10945700000000014,-0.005225796431475364,0.5512167879121831
RobustScaler + NearMiss/SMOTE/ENN,40000,σ F1 MACRO,total_time,1.276093,0.006393,0.0004239999999999999,0.01284699999999983,0.03300381412002845,0.866888638674975
RobustScaler + NearMiss/SMOTE/ENN,500,μ F1 MACRO,fit_time,0.002508,0.229912,,,,
RobustScaler + NearMiss/SMOTE/ENN,1000,μ F1 MACRO,fit_time,0.003892,0.357353,0.12744099999999997,0.0013840000000000002,92.0816473988439,1.0
RobustScaler + NearMiss/SMOTE/ENN,2000,μ F1 MACRO,fit_time,0.007026,0.387295,0.029942000000000024,0.003134,9.553924696873013,0.1025861113816811
RobustScaler + NearMiss/SMOTE/ENN,5000,μ F1 MACRO,fit_time,0.020978,0.432966,0.04567100000000002,0.013951999999999999,3.2734375000000013,0.03429152801946778
RobustScaler + NearMiss/SMOTE/ENN,10000,μ F1 MACRO,fit_time,0.0443,0.435763,0.002796999999999994,0.023322,0.11992968013034877,0.0
RobustScaler + NearMiss/SMOTE/ENN,20000,μ F1 MACRO,fit_time,0.101448,0.44643,0.010666999999999982,0.057148,0.18665570098691087,0.0007255847597438237
RobustScaler + NearMiss/SMOTE/ENN,30000,μ F1 MACRO,fit_time,0.150571,0.459788,0.013357999999999981,0.049123000000000014,0.271929645990676,0.0016528613169803409
RobustScaler + NearMiss/SMOTE/ENN,40000,μ F1 MACRO,fit_time,0.19979,0.485002,0.025214000000000014,0.049218999999999985,0.5122818423779439,0.004266472745188342
RobustScaler + NearMiss/SMOTE/ENN,500,μ F1 MACRO,score_time,0.486735,0.229912,,,,
RobustScaler + NearMiss/SMOTE/ENN,1000,μ F1 MACRO,score_time,0.536977,0.357353,0.12744099999999997,0.050242000000000064,2.5365431312447715,1.0
RobustScaler + NearMiss/SMOTE/ENN,2000,μ F1 MACRO,score_time,0.677471,0.387295,0.029942000000000024,0.140494,0.21311942146995616,0.06896365700782207
RobustScaler + NearMiss/SMOTE/ENN,5000,μ F1 MACRO,score_time,0.851491,0.432966,0.04567100000000002,0.17401999999999995,0.26244684519020817,0.08873001473091689
RobustScaler + NearMiss/SMOTE/ENN,10000,μ F1 MACRO,score_time,0.919679,0.435763,0.002796999999999994,0.06818800000000003,0.0410189476154161,0.0
RobustScaler + NearMiss/SMOTE/ENN,20000,μ F1 MACRO,score_time,1.052341,0.44643,0.010666999999999982,0.13266199999999995,0.08040735101234707,0.015783619191238052
RobustScaler + NearMiss/SMOTE/ENN,30000,μ F1 MACRO,score_time,1.112675,0.459788,0.013357999999999981,0.06033400000000011,0.2214008684986899,0.07228217705385491
RobustScaler + NearMiss/SMOTE/ENN,40000,μ F1 MACRO,score_time,1.076303,0.485002,0.025214000000000014,-0.03637200000000007,,
RobustScaler + NearMiss/SMOTE/ENN,500,μ F1 MACRO,total_time,0.489243,0.229912,,,,
RobustScaler + NearMiss/SMOTE/ENN,1000,μ F1 MACRO,total_time,0.540869,0.357353,0.12744099999999997,0.05162600000000006,2.4685429822182585,1.0
RobustScaler + NearMiss/SMOTE/ENN,2000,μ F1 MACRO,total_time,0.684497,0.387295,0.029942000000000024,0.14362799999999998,0.20846910073244793,0.07297200136367449
RobustScaler + NearMiss/SMOTE/ENN,5000,μ F1 MACRO,total_time,0.872469,0.432966,0.04567100000000002,0.18797200000000003,0.24296703764390445,0.08712222613025833
RobustScaler + NearMiss/SMOTE/ENN,10000,μ F1 MACRO,total_time,0.963979,0.435763,0.002796999999999994,0.09150999999999998,0.030564965577532452,0.0
RobustScaler + NearMiss/SMOTE/ENN,20000,μ F1 MACRO,total_time,1.153789,0.44643,0.010666999999999982,0.18980999999999992,0.05619830356672455,0.010514179297035707
RobustScaler + NearMiss/SMOTE/ENN,30000,μ F1 MACRO,total_time,1.263246,0.459788,0.013357999999999981,0.10945700000000014,0.12203879148889485,0.037520365354813
RobustScaler + NearMiss/SMOTE/ENN,40000,μ F1 MACRO,total_time,1.276093,0.485002,0.025214000000000014,0.01284699999999983,1.9626371915622594,0.7924896011355003
RobustScaler + NearMiss/SMOTE/ENN,500,μ ACCURACY,fit_time,0.002508,0.287027,,,,
RobustScaler + NearMiss/SMOTE/ENN,1000,μ ACCURACY,fit_time,0.003892,0.380885,0.093858,0.0013840000000000002,67.8164739884393,1.0
RobustScaler + NearMiss/SMOTE/ENN,2000,μ ACCURACY,fit_time,0.007026,0.411751,0.030866000000000005,0.003134,9.848755583918317,0.14706015977448203
RobustScaler + NearMiss/SMOTE/ENN,5000,μ ACCURACY,fit_time,0.020978,0.413428,0.0016770000000000396,0.013951999999999999,0.12019782110092027,0.003913685629399386
RobustScaler + NearMiss/SMOTE/ENN,10000,μ ACCURACY,fit_time,0.0443,0.410028,-0.003400000000000014,0.023322,-0.14578509561787215,0.0
RobustScaler + NearMiss/SMOTE/ENN,20000,μ ACCURACY,fit_time,0.101448,0.43475,0.024722000000000022,0.057148,0.43259606635402853,0.008510328670160104
RobustScaler + NearMiss/SMOTE/ENN,30000,μ ACCURACY,fit_time,0.150571,0.463473,0.028723,0.049123000000000014,0.584715917187468,0.010748627586111299
RobustScaler + NearMiss/SMOTE/ENN,40000,μ ACCURACY,fit_time,0.19979,0.497184,0.03371099999999999,0.049218999999999985,0.6849184258111705,0.012223012192717297
RobustScaler + NearMiss/SMOTE/ENN,500,μ ACCURACY,score_time,0.486735,0.287027,,,,
RobustScaler + NearMiss/SMOTE/ENN,1000,μ ACCURACY,score_time,0.536977,0.380885,0.093858,0.050242000000000064,1.8681183073922192,1.0
RobustScaler + NearMiss/SMOTE/ENN,2000,μ ACCURACY,score_time,0.677471,0.411751,0.030866000000000005,0.140494,0.21969621478497303,0.14054280905935615
RobustScaler + NearMiss/SMOTE/ENN,5000,μ ACCURACY,score_time,0.851491,0.413428,0.0016770000000000396,0.17401999999999995,0.009636823353637743,0.031021676516945214
RobustScaler + NearMiss/SMOTE/ENN,10000,μ ACCURACY,score_time,0.919679,0.410028,-0.003400000000000014,0.06818800000000003,-0.04986214583211141,0.0
RobustScaler + NearMiss/SMOTE/ENN,20000,μ ACCURACY,score_time,1.052341,0.43475,0.024722000000000022,0.13266199999999995,0.18635328880915433,0.12315841605380404
RobustScaler + NearMiss/SMOTE/ENN,30000,μ ACCURACY,score_time,1.112675,0.463473,0.028723,0.06033400000000011,0.47606656280041015,0.27420962906497776
RobustScaler + NearMiss/SMOTE/ENN,40000,μ ACCURACY,score_time,1.076303,0.497184,0.03371099999999999,-0.03637200000000007,,
RobustScaler + NearMiss/SMOTE/ENN,500,μ ACCURACY,total_time,0.489243,0.287027,,,,
RobustScaler + NearMiss/SMOTE/ENN,1000,μ ACCURACY,total_time,0.540869,0.380885,0.093858,0.05162600000000006,1.8180374230039105,0.6971283640192781
RobustScaler + NearMiss/SMOTE/ENN,2000,μ ACCURACY,total_time,0.684497,0.411751,0.030866000000000005,0.14362799999999998,0.2149023867212522,0.0947157802353258
RobustScaler + NearMiss/SMOTE/ENN,5000,μ ACCURACY,total_time,0.872469,0.413428,0.0016770000000000396,0.18797200000000003,0.008921541506181982,0.017314032804403485
RobustScaler + NearMiss/SMOTE/ENN,10000,μ ACCURACY,total_time,0.963979,0.410028,-0.003400000000000014,0.09150999999999998,-0.0371544093541691,0.0
RobustScaler + NearMiss/SMOTE/ENN,20000,μ ACCURACY,total_time,1.153789,0.43475,0.024722000000000022,0.18980999999999992,0.13024603550919356,0.06290432947592377
RobustScaler + NearMiss/SMOTE/ENN,30000,μ ACCURACY,total_time,1.263246,0.463473,0.028723,0.10945700000000014,0.2624135505266905,0.11256912527417147
RobustScaler + NearMiss/SMOTE/ENN,40000,μ ACCURACY,total_time,1.276093,0.497184,0.03371099999999999,0.01284699999999983,2.6240367400949975,1.0
