timestamp, pstate, power.management, power.draw [W], power.limit [W], power.default_limit [W], power.min_limit [W], power.max_limit [W], temperature.gpu, temperature.memory, memory.used [MiB], memory.total [MiB], memory.free [MiB], clocks.current.sm [MHz], clocks.current.memory [MHz]
2026/03/20 20:29:20.067, P0, Enabled, 45.70, 250.00, 250.00, 150.00, 250.00, 37, 37, 1, 40960, 40445, 1080, 1215
2026/03/20 20:29:21.074, P0, Enabled, 59.54, 250.00, 250.00, 150.00, 250.00, 37, 38, 1, 40960, 40445, 1365, 1215
2026/03/20 20:29:22.075, P0, Enabled, 40.96, 250.00, 250.00, 150.00, 250.00, 37, 38, 1, 40960, 40445, 285, 1215
2026/03/20 20:29:23.075, P0, Enabled, 39.88, 250.00, 250.00, 150.00, 250.00, 37, 38, 1, 40960, 40445, 210, 1215
2026/03/20 20:29:24.076, P0, Enabled, 39.98, 250.00, 250.00, 150.00, 250.00, 37, 37, 1, 40960, 40445, 210, 1215
2026/03/20 20:29:25.078, P0, Enabled, 39.98, 250.00, 250.00, 150.00, 250.00, 37, 37, 1, 40960, 40445, 210, 1215
2026/03/20 20:29:26.079, P0, Enabled, 39.88, 250.00, 250.00, 150.00, 250.00, 37, 37, 1, 40960, 40445, 210, 1215
2026/03/20 20:29:27.080, P0, Enabled, 39.88, 250.00, 250.00, 150.00, 250.00, 37, 37, 1, 40960, 40445, 210, 1215
2026/03/20 20:29:28.081, P0, Enabled, 39.98, 250.00, 250.00, 150.00, 250.00, 37, 37, 1, 40960, 40445, 210, 1215
2026/03/20 20:29:29.081, P0, Enabled, 39.88, 250.00, 250.00, 150.00, 250.00, 37, 37, 1, 40960, 40445, 210, 1215
2026/03/20 20:29:30.082, P0, Enabled, 39.98, 250.00, 250.00, 150.00, 250.00, 37, 37, 1, 40960, 40445, 210, 1215
2026/03/20 20:29:31.083, P0, Enabled, 39.88, 250.00, 250.00, 150.00, 250.00, 37, 37, 1, 40960, 40445, 210, 1215
2026/03/20 20:29:32.083, P0, Enabled, 39.98, 250.00, 250.00, 150.00, 250.00, 37, 37, 1, 40960, 40445, 210, 1215
2026/03/20 20:29:33.084, P0, Enabled, 39.88, 250.00, 250.00, 150.00, 250.00, 37, 37, 1, 40960, 40445, 210, 1215
2026/03/20 20:29:34.085, P0, Enabled, 39.88, 250.00, 250.00, 150.00, 250.00, 37, 37, 1, 40960, 40445, 210, 1215
2026/03/20 20:29:35.085, P0, Enabled, 39.88, 250.00, 250.00, 150.00, 250.00, 37, 37, 1, 40960, 40445, 210, 1215
2026/03/20 20:29:36.086, P0, Enabled, 39.88, 250.00, 250.00, 150.00, 250.00, 37, 37, 1, 40960, 40445, 210, 1215
2026/03/20 20:29:37.086, P0, Enabled, 39.88, 250.00, 250.00, 150.00, 250.00, 37, 37, 1, 40960, 40445, 210, 1215
2026/03/20 20:29:38.087, P0, Enabled, 39.88, 250.00, 250.00, 150.00, 250.00, 37, 37, 1, 40960, 40445, 210, 1215
2026/03/20 20:29:39.088, P0, Enabled, 39.88, 250.00, 250.00, 150.00, 250.00, 37, 37, 1, 40960, 40445, 210, 1215
2026/03/20 20:29:40.088, P0, Enabled, 39.88, 250.00, 250.00, 150.00, 250.00, 37, 37, 1, 40960, 40445, 210, 1215
2026/03/20 20:29:41.089, P0, Enabled, 39.98, 250.00, 250.00, 150.00, 250.00, 37, 37, 1, 40960, 40445, 210, 1215
2026/03/20 20:29:42.090, P0, Enabled, 39.88, 250.00, 250.00, 150.00, 250.00, 37, 37, 1, 40960, 40445, 210, 1215
2026/03/20 20:29:43.091, P0, Enabled, 39.88, 250.00, 250.00, 150.00, 250.00, 37, 37, 1, 40960, 40445, 210, 1215
2026/03/20 20:29:44.091, P0, Enabled, 39.88, 250.00, 250.00, 150.00, 250.00, 37, 37, 1, 40960, 40445, 210, 1215
2026/03/20 20:29:45.092, P0, Enabled, 39.88, 250.00, 250.00, 150.00, 250.00, 37, 37, 1, 40960, 40445, 210, 1215
2026/03/20 20:29:46.093, P0, Enabled, 39.88, 250.00, 250.00, 150.00, 250.00, 37, 37, 1, 40960, 40445, 210, 1215
2026/03/20 20:29:47.094, P0, Enabled, 39.88, 250.00, 250.00, 150.00, 250.00, 37, 37, 1, 40960, 40445, 210, 1215
2026/03/20 20:29:48.094, P0, Enabled, 39.88, 250.00, 250.00, 150.00, 250.00, 37, 37, 1, 40960, 40445, 210, 1215
2026/03/20 20:29:49.095, P0, Enabled, 39.88, 250.00, 250.00, 150.00, 250.00, 37, 37, 1, 40960, 40445, 210, 1215
2026/03/20 20:29:50.096, P0, Enabled, 39.88, 250.00, 250.00, 150.00, 250.00, 37, 37, 1, 40960, 40445, 210, 1215
2026/03/20 20:29:51.096, P0, Enabled, 39.98, 250.00, 250.00, 150.00, 250.00, 37, 37, 1, 40960, 40445, 210, 1215
2026/03/20 20:29:52.097, P0, Enabled, 39.88, 250.00, 250.00, 150.00, 250.00, 37, 37, 1, 40960, 40445, 210, 1215
2026/03/20 20:29:53.098, P0, Enabled, 39.88, 250.00, 250.00, 150.00, 250.00, 37, 37, 1, 40960, 40445, 210, 1215
2026/03/20 20:29:54.099, P0, Enabled, 39.88, 250.00, 250.00, 150.00, 250.00, 37, 37, 1, 40960, 40445, 210, 1215
2026/03/20 20:29:55.099, P0, Enabled, 39.98, 250.00, 250.00, 150.00, 250.00, 37, 37, 1, 40960, 40445, 210, 1215
2026/03/20 20:29:56.100, P0, Enabled, 39.88, 250.00, 250.00, 150.00, 250.00, 37, 37, 1, 40960, 40445, 210, 1215
2026/03/20 20:29:57.101, P0, Enabled, 39.88, 250.00, 250.00, 150.00, 250.00, 37, 37, 1, 40960, 40445, 210, 1215
2026/03/20 20:29:58.101, P0, Enabled, 39.88, 250.00, 250.00, 150.00, 250.00, 37, 37, 1, 40960, 40445, 210, 1215
2026/03/20 20:29:59.102, P0, Enabled, 39.98, 250.00, 250.00, 150.00, 250.00, 37, 37, 1, 40960, 40445, 210, 1215
2026/03/20 20:30:00.103, P0, Enabled, 39.98, 250.00, 250.00, 150.00, 250.00, 37, 37, 1, 40960, 40445, 210, 1215
2026/03/20 20:30:01.104, P0, Enabled, 39.88, 250.00, 250.00, 150.00, 250.00, 37, 37, 1, 40960, 40445, 210, 1215
2026/03/20 20:30:02.104, P0, Enabled, 39.88, 250.00, 250.00, 150.00, 250.00, 37, 37, 1, 40960, 40445, 210, 1215
2026/03/20 20:30:03.105, P0, Enabled, 39.88, 250.00, 250.00, 150.00, 250.00, 37, 37, 1, 40960, 40445, 210, 1215
2026/03/20 20:30:04.106, P0, Enabled, 39.98, 250.00, 250.00, 150.00, 250.00, 37, 37, 1, 40960, 40445, 210, 1215
2026/03/20 20:30:05.107, P0, Enabled, 39.98, 250.00, 250.00, 150.00, 250.00, 37, 37, 1, 40960, 40445, 210, 1215
2026/03/20 20:30:06.107, P0, Enabled, 39.98, 250.00, 250.00, 150.00, 250.00, 37, 37, 1, 40960, 40445, 210, 1215
2026/03/20 20:30:07.108, P0, Enabled, 39.88, 250.00, 250.00, 150.00, 250.00, 37, 37, 1, 40960, 40445, 210, 1215
2026/03/20 20:30:08.109, P0, Enabled, 39.88, 250.00, 250.00, 150.00, 250.00, 37, 37, 1, 40960, 40445, 210, 1215
2026/03/20 20:30:09.109, P0, Enabled, 39.88, 250.00, 250.00, 150.00, 250.00, 37, 37, 1, 40960, 40445, 210, 1215
2026/03/20 20:30:10.110, P0, Enabled, 39.88, 250.00, 250.00, 150.00, 250.00, 37, 37, 1, 40960, 40445, 210, 1215
2026/03/20 20:30:11.111, P0, Enabled, 39.98, 250.00, 250.00, 150.00, 250.00, 37, 37, 1, 40960, 40445, 210, 1215
2026/03/20 20:30:12.112, P0, Enabled, 39.88, 250.00, 250.00, 150.00, 250.00, 37, 37, 1, 40960, 40445, 210, 1215
2026/03/20 20:30:13.112, P0, Enabled, 39.98, 250.00, 250.00, 150.00, 250.00, 37, 38, 1, 40960, 40445, 210, 1215
2026/03/20 20:30:14.113, P0, Enabled, 39.98, 250.00, 250.00, 150.00, 250.00, 37, 37, 1, 40960, 40445, 210, 1215
2026/03/20 20:30:15.114, P0, Enabled, 39.98, 250.00, 250.00, 150.00, 250.00, 37, 37, 1, 40960, 40445, 210, 1215
2026/03/20 20:30:16.114, P0, Enabled, 39.98, 250.00, 250.00, 150.00, 250.00, 37, 37, 1, 40960, 40445, 210, 1215
2026/03/20 20:30:17.115, P0, Enabled, 39.98, 250.00, 250.00, 150.00, 250.00, 37, 37, 1, 40960, 40445, 210, 1215
2026/03/20 20:30:18.116, P0, Enabled, 39.88, 250.00, 250.00, 150.00, 250.00, 37, 37, 1, 40960, 40445, 210, 1215
2026/03/20 20:30:19.116, P0, Enabled, 39.98, 250.00, 250.00, 150.00, 250.00, 37, 37, 1, 40960, 40445, 210, 1215
2026/03/20 20:30:20.117, P0, Enabled, 39.88, 250.00, 250.00, 150.00, 250.00, 37, 37, 1, 40960, 40445, 210, 1215
2026/03/20 20:30:21.118, P0, Enabled, 39.98, 250.00, 250.00, 150.00, 250.00, 37, 37, 1, 40960, 40445, 210, 1215
2026/03/20 20:30:22.119, P0, Enabled, 39.88, 250.00, 250.00, 150.00, 250.00, 37, 37, 1, 40960, 40445, 210, 1215
2026/03/20 20:30:23.119, P0, Enabled, 39.98, 250.00, 250.00, 150.00, 250.00, 37, 37, 1, 40960, 40445, 210, 1215
2026/03/20 20:30:24.120, P0, Enabled, 39.98, 250.00, 250.00, 150.00, 250.00, 37, 37, 1, 40960, 40445, 210, 1215
2026/03/20 20:30:25.121, P0, Enabled, 39.98, 250.00, 250.00, 150.00, 250.00, 37, 37, 1, 40960, 40445, 210, 1215
2026/03/20 20:30:26.121, P0, Enabled, 39.88, 250.00, 250.00, 150.00, 250.00, 37, 37, 1, 40960, 40445, 210, 1215
2026/03/20 20:30:27.122, P0, Enabled, 39.98, 250.00, 250.00, 150.00, 250.00, 37, 37, 1, 40960, 40445, 210, 1215
2026/03/20 20:30:28.122, P0, Enabled, 39.88, 250.00, 250.00, 150.00, 250.00, 37, 37, 1, 40960, 40445, 210, 1215
2026/03/20 20:30:29.123, P0, Enabled, 39.98, 250.00, 250.00, 150.00, 250.00, 37, 37, 1, 40960, 40445, 210, 1215
2026/03/20 20:30:30.124, P0, Enabled, 39.98, 250.00, 250.00, 150.00, 250.00, 37, 37, 1, 40960, 40445, 210, 1215
2026/03/20 20:30:31.126, P0, Enabled, 39.88, 250.00, 250.00, 150.00, 250.00, 37, 37, 1, 40960, 40445, 210, 1215
2026/03/20 20:30:32.127, P0, Enabled, 39.88, 250.00, 250.00, 150.00, 250.00, 37, 37, 1, 40960, 40445, 210, 1215
2026/03/20 20:30:33.127, P0, Enabled, 39.88, 250.00, 250.00, 150.00, 250.00, 37, 37, 1, 40960, 40445, 210, 1215
2026/03/20 20:30:34.128, P0, Enabled, 39.98, 250.00, 250.00, 150.00, 250.00, 37, 37, 1, 40960, 40445, 210, 1215
2026/03/20 20:30:35.128, P0, Enabled, 39.88, 250.00, 250.00, 150.00, 250.00, 37, 37, 1, 40960, 40445, 210, 1215
2026/03/20 20:30:36.129, P0, Enabled, 39.88, 250.00, 250.00, 150.00, 250.00, 37, 37, 1, 40960, 40445, 210, 1215
2026/03/20 20:30:37.132, P0, Enabled, 39.88, 250.00, 250.00, 150.00, 250.00, 37, 37, 1, 40960, 40445, 210, 1215
2026/03/20 20:30:38.132, P0, Enabled, 39.88, 250.00, 250.00, 150.00, 250.00, 37, 37, 1, 40960, 40445, 210, 1215
2026/03/20 20:30:39.133, P0, Enabled, 39.88, 250.00, 250.00, 150.00, 250.00, 37, 37, 1, 40960, 40445, 210, 1215
2026/03/20 20:30:40.134, P0, Enabled, 39.88, 250.00, 250.00, 150.00, 250.00, 37, 37, 1, 40960, 40445, 210, 1215
2026/03/20 20:30:41.134, P0, Enabled, 39.88, 250.00, 250.00, 150.00, 250.00, 37, 37, 1, 40960, 40445, 210, 1215
2026/03/20 20:30:42.135, P0, Enabled, 39.88, 250.00, 250.00, 150.00, 250.00, 37, 37, 1, 40960, 40445, 210, 1215
2026/03/20 20:30:43.136, P0, Enabled, 39.88, 250.00, 250.00, 150.00, 250.00, 37, 37, 1, 40960, 40445, 210, 1215
2026/03/20 20:30:44.137, P0, Enabled, 39.88, 250.00, 250.00, 150.00, 250.00, 37, 37, 1, 40960, 40445, 210, 1215
2026/03/20 20:30:45.137, P0, Enabled, 39.88, 250.00, 250.00, 150.00, 250.00, 37, 37, 1, 40960, 40445, 210, 1215
2026/03/20 20:30:46.138, P0, Enabled, 39.88, 250.00, 250.00, 150.00, 250.00, 37, 37, 1, 40960, 40445, 210, 1215
2026/03/20 20:30:47.138, P0, Enabled, 39.88, 250.00, 250.00, 150.00, 250.00, 37, 37, 1, 40960, 40445, 210, 1215
2026/03/20 20:30:48.139, P0, Enabled, 39.88, 250.00, 250.00, 150.00, 250.00, 37, 37, 1, 40960, 40445, 210, 1215
2026/03/20 20:30:49.140, P0, Enabled, 39.88, 250.00, 250.00, 150.00, 250.00, 37, 37, 1, 40960, 40445, 210, 1215
2026/03/20 20:30:50.140, P0, Enabled, 39.88, 250.00, 250.00, 150.00, 250.00, 37, 37, 1, 40960, 40445, 210, 1215
2026/03/20 20:30:51.141, P0, Enabled, 39.88, 250.00, 250.00, 150.00, 250.00, 37, 37, 1, 40960, 40445, 210, 1215
2026/03/20 20:30:52.141, P0, Enabled, 39.98, 250.00, 250.00, 150.00, 250.00, 37, 37, 1, 40960, 40445, 210, 1215
2026/03/20 20:30:53.142, P0, Enabled, 39.98, 250.00, 250.00, 150.00, 250.00, 37, 37, 1, 40960, 40445, 210, 1215
2026/03/20 20:30:54.142, P0, Enabled, 39.88, 250.00, 250.00, 150.00, 250.00, 37, 37, 1, 40960, 40445, 210, 1215
2026/03/20 20:30:55.143, P0, Enabled, 39.98, 250.00, 250.00, 150.00, 250.00, 37, 37, 1, 40960, 40445, 210, 1215
2026/03/20 20:30:56.144, P0, Enabled, 39.98, 250.00, 250.00, 150.00, 250.00, 37, 37, 1, 40960, 40445, 210, 1215
2026/03/20 20:30:57.144, P0, Enabled, 39.98, 250.00, 250.00, 150.00, 250.00, 37, 37, 1, 40960, 40445, 210, 1215
2026/03/20 20:30:58.145, P0, Enabled, 39.98, 250.00, 250.00, 150.00, 250.00, 37, 37, 1, 40960, 40445, 210, 1215
2026/03/20 20:30:59.146, P0, Enabled, 39.88, 250.00, 250.00, 150.00, 250.00, 37, 37, 1, 40960, 40445, 210, 1215
2026/03/20 20:31:00.146, P0, Enabled, 39.88, 250.00, 250.00, 150.00, 250.00, 37, 37, 1, 40960, 40445, 210, 1215
2026/03/20 20:31:01.147, P0, Enabled, 39.98, 250.00, 250.00, 150.00, 250.00, 37, 37, 1, 40960, 40445, 210, 1215
2026/03/20 20:31:02.148, P0, Enabled, 39.88, 250.00, 250.00, 150.00, 250.00, 37, 37, 1, 40960, 40445, 210, 1215
2026/03/20 20:31:03.148, P0, Enabled, 39.88, 250.00, 250.00, 150.00, 250.00, 37, 37, 1, 40960, 40445, 210, 1215
2026/03/20 20:31:04.149, P0, Enabled, 39.98, 250.00, 250.00, 150.00, 250.00, 37, 37, 1, 40960, 40445, 210, 1215
2026/03/20 20:31:05.150, P0, Enabled, 39.98, 250.00, 250.00, 150.00, 250.00, 37, 37, 1, 40960, 40445, 210, 1215
2026/03/20 20:31:06.150, P0, Enabled, 39.98, 250.00, 250.00, 150.00, 250.00, 37, 37, 1, 40960, 40445, 210, 1215
2026/03/20 20:31:07.151, P0, Enabled, 39.98, 250.00, 250.00, 150.00, 250.00, 37, 37, 1, 40960, 40445, 210, 1215
2026/03/20 20:31:08.151, P0, Enabled, 39.88, 250.00, 250.00, 150.00, 250.00, 37, 37, 1, 40960, 40445, 210, 1215
2026/03/20 20:31:09.152, P0, Enabled, 39.98, 250.00, 250.00, 150.00, 250.00, 37, 37, 1, 40960, 40445, 210, 1215
2026/03/20 20:31:10.153, P0, Enabled, 39.87, 250.00, 250.00, 150.00, 250.00, 37, 37, 1, 40960, 40445, 210, 1215
2026/03/20 20:31:11.153, P0, Enabled, 39.88, 250.00, 250.00, 150.00, 250.00, 37, 37, 1, 40960, 40445, 210, 1215
2026/03/20 20:31:12.154, P0, Enabled, 39.87, 250.00, 250.00, 150.00, 250.00, 37, 37, 1, 40960, 40445, 210, 1215
2026/03/20 20:31:13.154, P0, Enabled, 39.88, 250.00, 250.00, 150.00, 250.00, 36, 37, 1, 40960, 40445, 210, 1215
2026/03/20 20:31:14.155, P0, Enabled, 39.88, 250.00, 250.00, 150.00, 250.00, 36, 37, 1, 40960, 40445, 210, 1215
2026/03/20 20:31:15.156, P0, Enabled, 39.77, 250.00, 250.00, 150.00, 250.00, 36, 37, 1, 40960, 40445, 210, 1215
2026/03/20 20:31:16.157, P0, Enabled, 39.78, 250.00, 250.00, 150.00, 250.00, 36, 37, 1, 40960, 40445, 210, 1215
2026/03/20 20:31:17.158, P0, Enabled, 39.77, 250.00, 250.00, 150.00, 250.00, 36, 37, 1, 40960, 40445, 210, 1215
2026/03/20 20:31:18.158, P0, Enabled, 39.67, 250.00, 250.00, 150.00, 250.00, 36, 37, 1, 40960, 40445, 210, 1215
2026/03/20 20:31:19.159, P0, Enabled, 39.77, 250.00, 250.00, 150.00, 250.00, 36, 37, 1, 40960, 40445, 210, 1215
2026/03/20 20:31:20.159, P0, Enabled, 39.67, 250.00, 250.00, 150.00, 250.00, 36, 37, 1, 40960, 40445, 210, 1215
2026/03/20 20:31:21.160, P0, Enabled, 39.67, 250.00, 250.00, 150.00, 250.00, 36, 37, 1, 40960, 40445, 210, 1215
2026/03/20 20:31:22.161, P0, Enabled, 39.67, 250.00, 250.00, 150.00, 250.00, 36, 36, 1, 40960, 40445, 210, 1215
2026/03/20 20:31:23.161, P0, Enabled, 39.67, 250.00, 250.00, 150.00, 250.00, 36, 37, 1, 40960, 40445, 210, 1215
2026/03/20 20:31:24.162, P0, Enabled, 39.58, 250.00, 250.00, 150.00, 250.00, 36, 36, 1, 40960, 40445, 210, 1215
2026/03/20 20:31:25.162, P0, Enabled, 39.58, 250.00, 250.00, 150.00, 250.00, 36, 36, 1, 40960, 40445, 210, 1215
2026/03/20 20:31:26.163, P0, Enabled, 39.67, 250.00, 250.00, 150.00, 250.00, 36, 36, 1, 40960, 40445, 210, 1215
2026/03/20 20:31:27.164, P0, Enabled, 39.67, 250.00, 250.00, 150.00, 250.00, 36, 36, 1, 40960, 40445, 210, 1215
2026/03/20 20:31:28.164, P0, Enabled, 39.58, 250.00, 250.00, 150.00, 250.00, 36, 36, 1, 40960, 40445, 210, 1215
2026/03/20 20:31:29.165, P0, Enabled, 39.58, 250.00, 250.00, 150.00, 250.00, 36, 36, 1, 40960, 40445, 210, 1215
2026/03/20 20:31:30.165, P0, Enabled, 39.58, 250.00, 250.00, 150.00, 250.00, 36, 36, 1, 40960, 40445, 210, 1215
2026/03/20 20:31:31.166, P0, Enabled, 39.58, 250.00, 250.00, 150.00, 250.00, 36, 36, 1, 40960, 40445, 210, 1215
2026/03/20 20:31:32.167, P0, Enabled, 39.58, 250.00, 250.00, 150.00, 250.00, 36, 37, 1, 40960, 40445, 210, 1215
2026/03/20 20:31:33.167, P0, Enabled, 39.58, 250.00, 250.00, 150.00, 250.00, 36, 36, 1, 40960, 40445, 210, 1215
2026/03/20 20:31:34.168, P0, Enabled, 39.58, 250.00, 250.00, 150.00, 250.00, 36, 36, 1, 40960, 40445, 210, 1215
2026/03/20 20:31:35.168, P0, Enabled, 39.48, 250.00, 250.00, 150.00, 250.00, 36, 36, 1, 40960, 40445, 210, 1215
2026/03/20 20:31:36.169, P0, Enabled, 39.48, 250.00, 250.00, 150.00, 250.00, 36, 36, 1, 40960, 40445, 210, 1215
2026/03/20 20:31:37.170, P0, Enabled, 39.48, 250.00, 250.00, 150.00, 250.00, 36, 36, 1, 40960, 40445, 210, 1215
2026/03/20 20:31:38.170, P0, Enabled, 39.48, 250.00, 250.00, 150.00, 250.00, 36, 36, 1, 40960, 40445, 210, 1215
2026/03/20 20:31:39.171, P0, Enabled, 39.58, 250.00, 250.00, 150.00, 250.00, 36, 36, 1, 40960, 40445, 210, 1215
2026/03/20 20:31:40.171, P0, Enabled, 39.48, 250.00, 250.00, 150.00, 250.00, 36, 36, 1, 40960, 40445, 210, 1215
2026/03/20 20:31:41.172, P0, Enabled, 39.58, 250.00, 250.00, 150.00, 250.00, 36, 36, 1, 40960, 40445, 210, 1215
2026/03/20 20:31:42.173, P0, Enabled, 39.58, 250.00, 250.00, 150.00, 250.00, 36, 36, 1, 40960, 40445, 210, 1215
2026/03/20 20:31:43.173, P0, Enabled, 39.58, 250.00, 250.00, 150.00, 250.00, 36, 