NÚMERO EXPERIMENTO,DESCRIPCIÓN EXPERIMENTO,MODELO,ESCALADOR,REBALANCEO,PCA,μ ACCURACY,σ ACCURACY,μ PRECISION WEIGHTED,σ PRECISION WEIGHTED,μ RECALL WEIGHTED,σ RECALL WEIGHTED,μ F1 WEIGHTED,σ F1 WEIGHTED,μ PRECISION MACRO,σ PRECISION MACRO,μ RECALL MACRO,σ RECALL MACRO,μ F1 MACRO,σ F1 MACRO,μ FPR WEIGHTED,σ FPR WEIGHTED,μ FNR WEIGHTED,σ FNR WEIGHTED,μ FPR MACRO,σ FPR MACRO,μ FNR MACRO,σ FNR MACRO,μ MCC,σ MCC,μ AUC-ROC,σ AUC-ROC,μ DETECTION LATENCY (S),σ DETECTION LATENCY (S),μ FIT TIME,σ² FIT TIME,μ SCORE TIME,σ² SCORE TIME
1,StandardScaler + Sin rebalanceo + PCA + Logistic Regression,logreg,StandardScaler,NONE,PCA,0.946581,0.000522,0.946073,0.000420,0.946581,0.000522,0.943232,0.000548,0.756231,0.008801,0.546064,0.005304,0.586203,0.004241,0.026888,0.000358,0.053419,0.000522,0.005736,0.000061,0.453936,0.005304,0.924402,0.000730,0.993940,0.000135,0.000000,0.000000,104.870312,299.105091,0.018197,0.000002
2,StandardScaler + Sin rebalanceo + PCA + KNN,knn,StandardScaler,NONE,PCA,0.995042,0.000118,0.995086,0.000121,0.995042,0.000118,0.995048,0.000119,0.917244,0.014272,0.908878,0.024977,0.909194,0.015142,0.001159,0.000084,0.004958,0.000118,0.000437,0.000014,0.091122,0.024977,0.992957,0.000168,0.999091,0.000103,0.000204,0.000019,0.096969,0.000206,35.772861,10.616112
3,StandardScaler + Sin rebalanceo + PCA + MLP,mlp,StandardScaler,NONE,PCA,0.987304,0.000386,0.987579,0.000684,0.987304,0.000386,0.986482,0.001069,0.790427,0.033113,0.694499,0.036054,0.701274,0.030416,0.004628,0.001423,0.012696,0.000386,0.001237,0.000125,0.305501,0.036054,0.981948,0.000562,0.999339,0.000041,0.000000,0.000000,132.126356,2840.141246,0.067214,0.000021
4,StandardScaler + RUS/SMOTE + PCA + Logistic Regression,logreg,StandardScaler,RUS_SMOTE,PCA,0.879359,0.001955,0.943937,0.000798,0.879359,0.001955,0.899464,0.001663,0.474506,0.003754,0.823403,0.028365,0.523699,0.002800,0.015497,0.000185,0.120641,0.001955,0.009724,0.000147,0.176597,0.028365,0.844600,0.002282,0.977828,0.000458,0.000000,0.000000,33.903869,12.461365,0.016785,0.000001
5,StandardScaler + RUS/SMOTE + PCA + KNN,knn,StandardScaler,RUS_SMOTE,PCA,0.983104,0.000908,0.988932,0.000450,0.983104,0.000908,0.985260,0.000721,0.698337,0.006489,0.933370,0.029647,0.750169,0.007126,0.000964,0.000110,0.016896,0.000908,0.001276,0.000071,0.066630,0.029647,0.976343,0.001249,0.995478,0.000409,0.000062,0.000009,0.017008,0.000009,10.978211,2.473124
6,StandardScaler + RUS/SMOTE + PCA + MLP,mlp,StandardScaler,RUS_SMOTE,PCA,0.936235,0.003756,0.969362,0.010770,0.936235,0.003756,0.949268,0.007289,0.617754,0.010206,0.853945,0.038170,0.655266,0.008695,0.008801,0.005224,0.063765,0.003756,0.005183,0.000577,0.146055,0.038170,0.914427,0.005045,0.990077,0.001950,0.000000,0.000000,57.918903,2373.149622,0.071423,0.000035
7,StandardScaler + RUS/SMOTE/ENN + PCA + Logistic Regression,logreg,StandardScaler,RUS_SMOTE_ENN,PCA,0.882245,0.000853,0.944989,0.000619,0.882245,0.000853,0.902029,0.000951,0.478492,0.004044,0.828788,0.031635,0.527191,0.003984,0.015149,0.000488,0.117755,0.000853,0.009493,0.000088,0.171212,0.031635,0.847925,0.000898,0.978957,0.001354,0.000000,0.000000,24.716227,20.460352,0.018299,0.000013
8,StandardScaler + RUS/SMOTE/ENN + PCA + KNN,knn,StandardScaler,RUS_SMOTE_ENN,PCA,0.984303,0.000730,0.988594,0.000396,0.984303,0.000730,0.985847,0.000598,0.703029,0.002771,0.918745,0.041811,0.753104,0.002265,0.001278,0.000128,0.015697,0.000730,0.001212,0.000056,0.081255,0.041811,0.977940,0.001008,0.994740,0.000325,0.000060,0.000005,0.023397,0.000056,10.591394,0.636019
9,StandardScaler + RUS/SMOTE/ENN + PCA + MLP,mlp,StandardScaler,RUS_SMOTE_ENN,PCA,0.940228,0.002278,0.963008,0.000634,0.940228,0.002278,0.948423,0.001507,0.633353,0.008775,0.860204,0.038175,0.670775,0.006330,0.012449,0.000151,0.059772,0.002278,0.005159,0.000159,0.139796,0.038175,0.919108,0.002914,0.990981,0.002231,0.000000,0.000000,38.297253,390.751269,0.070344,0.000032
10,StandardScaler + NearMiss/SMOTE + PCA + Logistic Regression,logreg,StandardScaler,NearMiss_SMOTE,PCA,0.330625,0.037068,0.886096,0.036501,0.330625,0.037068,0.390520,0.043725,0.308024,0.014451,0.707887,0.027541,0.240677,0.016049,0.015115,0.007087,0.669375,0.037068,0.048892,0.002406,0.292113,0.027541,0.321240,0.030698,0.583283,0.030038,0.000000,0.000000,23.747897,7.717469,0.018293,0.000004
11,StandardScaler + NearMiss/SMOTE + PCA + KNN,knn,StandardScaler,NearMiss_SMOTE,PCA,0.317821,0.039464,0.897636,0.003907,0.317821,0.039464,0.379679,0.047896,0.331240,0.005748,0.770480,0.034934,0.275964,0.014942,0.012541,0.000958,0.682179,0.039464,0.049623,0.002775,0.229520,0.034934,0.316422,0.033589,0.657266,0.020113,0.000039,0.000002,0.018786,0.000015,6.855230,0.070352
12,StandardScaler + NearMiss/SMOTE + PCA + MLP,mlp,StandardScaler,NearMiss_SMOTE,PCA,0.348120,0.029090,0.868037,0.049409,0.348120,0.029090,0.412801,0.025311,0.306506,0.009488,0.715664,0.038236,0.252990,0.013760,0.017933,0.010332,0.651880,0.029090,0.047844,0.001579,0.284336,0.038236,0.333265,0.016538,0.625708,0.041172,0.000000,0.000000,16.044942,41.475950,0.072826,0.000098
13,StandardScaler + NearMiss/SMOTE/ENN + PCA + Logistic Regression,logreg,StandardScaler,NearMiss_SMOTE_ENN,PCA,0.334680,0.043300,0.892730,0.026650,0.334680,0.043300,0.395676,0.049355,0.304893,0.008420,0.706295,0.026972,0.233462,0.016422,0.014043,0.005713,0.665320,0.043300,0.048526,0.002890,0.293705,0.026972,0.325856,0.036905,0.577555,0.040352,0.000000,0.000000,23.537043,19.042204,0.018277,0.000002
14,StandardScaler + NearMiss/SMOTE/ENN + PCA + KNN,knn,StandardScaler,NearMiss_SMOTE_ENN,PCA,0.323120,0.042994,0.884788,0.028815,0.323120,0.042994,0.384764,0.051906,0.324957,0.007073,0.772005,0.034135,0.272230,0.021549,0.013657,0.003245,0.676880,0.042994,0.049324,0.003026,0.227995,0.034135,0.319954,0.037176,0.656940,0.021450,0.000038,0.000001,0.030199,0.000113,6.718920,0.046923
15,StandardScaler + NearMiss/SMOTE/ENN + PCA + MLP,mlp,StandardScaler,NearMiss_SMOTE_ENN,PCA,0.347140,0.048416,0.818323,0.130257,0.347140,0.048416,0.409139,0.051728,0.293642,0.027041,0.715671,0.037238,0.248034,0.019687,0.029107,0.029291,0.652860,0.048416,0.048712,0.003909,0.284329,0.037238,0.322266,0.048362,0.624475,0.035507,0.000000,0.000000,18.346731,8.549862,0.073058,0.000026
16,RobustScaler + Sin rebalanceo + PCA + Logistic Regression,logreg,RobustScaler,NONE,PCA,0.258559,0.001286,0.188726,0.000968,0.258559,0.001286,0.179415,0.001256,0.049887,0.000230,0.096239,0.000291,0.052622,0.000301,0.158778,0.000242,0.741441,0.001286,0.064301,0.000108,0.903761,0.000291,0.150872,0.001871,0.564959,0.000839,0.000000,0.000000,3.039947,0.015289,0.012520,0.000004
17,RobustScaler + Sin rebalanceo + PCA + KNN,knn,RobustScaler,NONE,PCA,0.867139,0.000483,0.865413,0.000579,0.867139,0.000483,0.866056,0.000539,0.556777,0.003036,0.530198,0.003698,0.541320,0.003201,0.053357,0.000301,0.132861,0.000483,0.013301,0.000055,0.469802,0.003698,0.811327,0.000730,0.954892,0.000178,0.000002,0.000000,0.196468,0.000627,0.400144,0.000745
18,RobustScaler + Sin rebalanceo + PCA + MLP,mlp,RobustScaler,NONE,PCA,0.428030,0.001380,0.326864,0.001242,0.428030,0.001380,0.350230,0.001481,0.065446,0.000265,0.080594,0.000307,0.068057,0.000321,0.371493,0.000941,0.571970,0.001380,0.067390,0.000166,0.919406,0.000307,0.079963,0.002872,0.528269,0.001160,0.000001,0.000000,43.958492,1573.086583,0.095022,0.000001
19,RobustScaler + RUS/SMOTE + PCA + Logistic Regression,logreg,RobustScaler,RUS_SMOTE,PCA,0.087341,0.000527,0.009757,0.000017,0.087341,0.000527,0.017549,0.000027,0.008076,0.000167,0.104452,0.005204,0.014539,0.000332,0.066061,0.000302,0.912659,0.000527,0.069909,0.000020,0.895548,0.005204,0.039429,0.000560,0.552478,0.002905,0.000000,0.000000,0.794284,0.003501,0.015452,0.000015
20,RobustScaler + RUS/SMOTE + PCA + KNN,knn,RobustScaler,RUS_SMOTE,PCA,0.750033,0.006202,0.861433,0.000792,0.750033,0.006202,0.786923,0.003814,0.360701,0.001389,0.735935,0.037745,0.412866,0.001500,0.031102,0.000476,0.249967,0.006202,0.020076,0.000413,0.264065,0.037745,0.682551,0.006357,0.916715,0.001496,0.000001,0.000000,0.026247,0.000021,0.260832,0.000262
21,RobustScaler + RUS/SMOTE + PCA + MLP,mlp,RobustScaler,RUS_SMOTE,PCA,0.082836,0.050100,0.011346,0.009927,0.082836,0.050100,0.019769,0.016566,0.007779,0.004602,0.102341,0.006151,0.013737,0.007756,0.062430,0.037374,0.917164,0.050100,0.069971,0.000910,0.897659,0.006151,0.036967,0.022099,0.510203,0.006368,0.000001,0.000000,10.129352,22.350801,0.094030,0.000026
22,RobustScaler + RUS/SMOTE/ENN + PCA + Logistic Regression,logreg,RobustScaler,RUS_SMOTE_ENN,PCA,0.145088,0.000538,0.027339,0.000046,0.145088,0.000538,0.045998,0.000066,0.013378,0.000167,0.103513,0.005194,0.022531,0.000332,0.109087,0.000375,0.854912,0.000538,0.068857,0.000023,0.896487,0.005194,0.062344,0.000584,0.549145,0.002913,0.000000,0.000000,0.656203,0.006679,0.014427,0.000002
23,RobustScaler + RUS/SMOTE/ENN + PCA + KNN,knn,RobustScaler,RUS_SMOTE_ENN,PCA,0.777646,0.003612,0.841882,0.002658,0.777646,0.003612,0.799330,0.002273,0.402478,0.002555,0.734231,0.030148,0.452376,0.002410,0.057255,0.002318,0.222354,0.003612,0.019972,0.000290,0.265769,0.030148,0.697933,0.004203,0.893795,0.001737,0.000001,0.000000,0.014553,0.000005,0.188324,0.000019
24,RobustScaler + RUS/SMOTE/ENN + PCA + MLP,mlp,RobustScaler,RUS_SMOTE_ENN,PCA,0.179834,0.075693,0.055030,0.061878,0.179834,0.075693,0.080248,0.076505,0.016747,0.006903,0.102442,0.008018,0.026118,0.006795,0.151894,0.094825,0.820166,0.075693,0.069433,0.001367,0.897558,0.008018,0.049228,0.031603,0.513970,0.009570,0.000001,0.000000,6.137369,3.261373,0.097540,0.000019
25,RobustScaler + NearMiss/SMOTE + PCA + Logistic Regression,logreg,RobustScaler,NearMiss_SMOTE,PCA,0.145088,0.000538,0.027339,0.000046,0.145088,0.000538,0.045998,0.000066,0.013378,0.000167,0.103513,0.005194,0.022531,0.000332,0.109087,0.000375,0.854912,0.000538,0.068857,0.000023,0.896487,0.005194,0.062344,0.000584,0.506729,0.000121,0.000000,0.000000,0.734195,0.010157,0.013389,0.000002
26,RobustScaler + NearMiss/SMOTE + PCA + KNN,knn,RobustScaler,NearMiss_SMOTE,PCA,0.082020,0.000639,0.331474,0.003676,0.082020,0.000639,0.084473,0.001142,0.173947,0.002948,0.577485,0.023146,0.114891,0.004048,0.049635,0.000667,0.917980,0.000639,0.069115,0.000084,0.422515,0.023146,0.046227,0.001093,0.514738,0.000787,0.000001,0.000000,0.027568,0.000010,0.246043,0.001632
27,RobustScaler + NearMiss/SMOTE + PCA + MLP,mlp,RobustScaler,NearMiss_SMOTE,PCA,0.111230,0.031267,0.016800,0.009602,0.111230,0.031267,0.028952,0.015536,0.010447,0.002787,0.104136,0.005645,0.018228,0.004166,0.083642,0.023511,0.888770,0.031267,0.069458,0.000554,0.895864,0.005645,0.049463,0.012042,0.513794,0.003880,0.000001,0.000000,4.848791,0.832981,0.094279,0.000002
28,RobustScaler + NearMiss/SMOTE/ENN + PCA + Logistic Regression,logreg,RobustScaler,NearMiss_SMOTE_ENN,PCA,0.314559,0.000428,0.165477,0.000317,0.314559,0.000428,0.216813,0.000314,0.028937,0.000147,0.087868,0.005228,0.037966,0.000306,0.321801,0.001049,0.685441,0.000428,0.071946,0.000065,0.912132,0.005228,-0.008565,0.001049,0.545378,0.000326,0.000000,0.000000,0.708141,0.005012,0.012529,0.000001
29,RobustScaler + NearMiss/SMOTE/ENN + PCA + KNN,knn,RobustScaler,NearMiss_SMOTE_ENN,PCA,0.085317,0.002939,0.325149,0.003519,0.085317,0.002939,0.090411,0.004718,0.186168,0.004176,0.563625,0.027914,0.127540,0.006591,0.061329,0.001209,0.914683,0.002939,0.069715,0.000239,0.436375,0.027914,0.039167,0.003517,0.512860,0.001320,0.000001,0.000000,0.014495,0.000000,0.189762,0.000532
30,RobustScaler + NearMiss/SMOTE/ENN + PCA + MLP,mlp,RobustScaler,NearMiss_SMOTE_ENN,PCA,0.281003,0.075763,0.137913,0.061824,0.281003,0.075763,0.182720,0.076446,0.025920,0.006950,0.094045,0.006991,0.035059,0.006883,0.279247,0.094974,0.718997,0.075763,0.071303,0.001373,0.905955,0.006991,0.006171,0.031600,0.500878,0.009611,0.000001,0.000000,47.328728,1691.405597,0.109428,0.001111
